"date","main_gas","oak_gas","main_ele","oak_ele","oat_hull","pellet_coal","pellet","gas_the","pellet_per","pellet_the","hull_the","coal_the","coal_co2","pellet_co2","gas_co2","hull_co2","gas_n20","pellet_n20","hull_n20","coal_n20","coal_ch4","gas_ch4","pellet_ch4","hull_ch4","ele_co2","ele_ch4","ele_n20"
2021-07-01,1196.27803929458,500.557620817844,1121.4113971061,36.343491569972,416.487971208144,141.611350483085,80.3967896273575,0.001076,0.14,20.89375,8.25,24.93,93.28,99.82275,53.06,118.17,0.1,4.2,4.2,1.6,11,1,32,32,611.1,0.06,0.009
2021-07-02,413.209851360832,481.505576208178,1063.9940029365,30.9863968459898,224.473545749097,169.799621309986,189.172843887115,0.001076,0.14,20.89375,8.25,24.93,93.28,99.82275,53.06,118.17,0.1,4.2,4.2,1.6,11,1,32,32,611.1,0.06,0.009
2021-07-03,1320.11724155448,281.133828996282,957.809893988259,44.7648563470403,14.2778988834013,234.724035233556,196.934282979509,0.001076,0.14,20.89375,8.25,24.93,93.28,99.82275,53.06,118.17,0.1,4.2,4.2,1.6,11,1,32,32,611.1,0.06,0.009
2021-07-04,1438.56680474677,375.185873605948,1003.38955902758,51.883935664856,0,243.956106714545,202.690914371005,0.001076,0.14,20.89375,8.25,24.93,93.28,99.82275,53.06,118.17,0.1,4.2,4.2,1.6,11,1,32,32,611.1,0.06,0.009
2021-07-05,2456.13252514881,454.925650557621,1064.61421831405,35.8572435665253,0,243.902178117718,193.806350160855,0.001076,0.14,20.89375,8.25,24.93,93.28,99.82275,53.06,118.17,0.1,4.2,4.2,1.6,11,1,32,32,611.1,0.06,0.009
2021-07-06,2092.3600328347,534.758364312268,1126.68150747097,35.1624635491816,0,283.618695920963,194.335493465008,0.001076,0.14,20.89375,8.25,24.93,93.28,99.82275,53.06,118.17,0.1,4.2,4.2,1.6,11,1,32,32,611.1,0.06,0.009
2021-07-07,2294.8525330367,506.970260223048,1113.48585977332,35.1893674489437,0,248.200276279959,194.007323730662,0.001076,0.14,20.89375,8.25,24.93,93.28,99.82275,53.06,118.17,0.1,4.2,4.2,1.6,11,1,32,32,611.1,0.06,0.009
2021-07-08,1548.09307661761,501.208178438662,1020.07185956829,29.6092253391137,0,239.277521104274,191.776702071738,0.001076,0.14,20.89375,8.25,24.93,93.28,99.82275,53.06,118.17,0.1,4.2,4.2,1.6,11,1,32,32,611.1,0.06,0.009
2021-07-09,1618.54533088341,504.182156133829,1017.62143185107,28.1470004397748,0,242.6474778976,182.978249214638,0.001076,0.14,20.89375,8.25,24.93,93.28,99.82275,53.06,118.17,0.1,4.2,4.2,1.6,11,1,32,32,611.1,0.06,0.009
2021-07-10,1551.83598296374,320.260223048327,911.338029354983,37.4991938719689,0,244.218161409542,183.493328491663,0.001076,0.14,20.89375,8.25,24.93,93.28,99.82275,53.06,118.17,0.1,4.2,4.2,1.6,11,1,32,32,611.1,0.06,0.009
2021-07-11,1206.58156399504,320.167286245353,911.522635886928,45.7042629805911,0,245.525212294196,201.076982219666,0.001076,0.14,20.89375,8.25,24.93,93.28,99.82275,53.06,118.17,0.1,4.2,4.2,1.6,11,1,32,32,611.1,0.06,0.009
2021-07-12,1739.19651588292,524.721189591078,1007.32533412656,34.6742715963338,0,241.305982495259,201.614028199382,0.001076,0.14,20.89375,8.25,24.93,93.28,99.82275,53.06,118.17,0.1,4.2,4.2,1.6,11,1,32,32,611.1,0.06,0.009
2021-07-13,1665.08889567967,533.828996282528,1073.63306916347,33.3538961818246,23.992367698661,240.048963557909,203.921221673026,0.001076,0.14,20.89375,8.25,24.93,93.28,99.82275,53.06,118.17,0.1,4.2,4.2,1.6,11,1,32,32,611.1,0.06,0.009
2021-07-14,865.617526950884,518.2156133829,1107.66654419936,37.7436279207522,476.454919015234,144.627364014292,197.526439859538,0.001076,0.14,20.89375,8.25,24.93,93.28,99.82275,53.06,118.17,0.1,4.2,4.2,1.6,11,1,32,32,611.1,0.06,0.009
2021-07-15,2161.93678108174,525.092936802974,1033.4266602917,34.0394336367067,448.883244807591,155.106244649918,99.4255746968509,0.001076,0.14,20.89375,8.25,24.93,93.28,99.82275,53.06,118.17,0.1,4.2,4.2,1.6,11,1,32,32,611.1,0.06,0.009
2021-07-16,3430.50636395394,518.587360594796,1039.56404938043,33.0078341830432,152.114902608051,210.705162094488,0.211499584419928,0.001076,0.14,20.89375,8.25,24.93,93.28,99.82275,53.06,118.17,0.1,4.2,4.2,1.6,11,1,32,32,611.1,0.06,0.009
2021-07-17,3515.92779443324,313.382899628253,920.91911196998,43.7750170733445,133.222057075367,221.912467096256,0.231521784596185,0.001076,0.14,20.89375,8.25,24.93,93.28,99.82275,53.06,118.17,0.1,4.2,4.2,1.6,11,1,32,32,611.1,0.06,0.009
2021-07-18,3339.36263705693,324.256505576208,972.170235518088,52.2905710979676,25.0410342601349,236.441182456729,0.227192137443583,0.001076,0.14,20.89375,8.25,24.93,93.28,99.82275,53.06,118.17,0.1,4.2,4.2,1.6,11,1,32,32,611.1,0.06,0.009
2021-07-19,3239.62021640989,517.100371747212,1062.85284691558,41.6153970159648,210.909271016632,209.17190404297,0.338396609365495,0.001076,0.14,20.89375,8.25,24.93,93.28,99.82275,53.06,118.17,0.1,4.2,4.2,1.6,11,1,32,32,611.1,0.06,0.009
2021-07-20,2725.91197759488,522.583643122676,1071.73925569833,36.168171282435,482.300939118017,147.975956395532,0.249862760691588,0.001076,0.14,20.89375,8.25,24.93,93.28,99.82275,53.06,118.17,0.1,4.2,4.2,1.6,11,1,32,32,611.1,0.06,0.009
2021-07-21,2900.47791651294,552.416356877323,1116.77452043455,36.6511843942225,480.704385204001,146.016503919304,0.257261387935565,0.001076,0.14,20.89375,8.25,24.93,93.28,99.82275,53.06,118.17,0.1,4.2,4.2,1.6,11,1,32,32,611.1,0.06,0.009
2021-07-22,3887.94815741038,563.661710037175,1111.23421618708,31.927737252217,234.815473170133,192.361149516287,0.220836159369208,0.001076,0.14,20.89375,8.25,24.93,93.28,99.82275,53.06,118.17,0.1,4.2,4.2,1.6,11,1,32,32,611.1,0.06,0.009
2021-07-23,4657.44807028631,559.10780669145,1123.43958582092,32.7654380537669,3.24858075367483,240.096929911634,0.197136554883147,0.001076,0.14,20.89375,8.25,24.93,93.28,99.82275,53.06,118.17,0.1,4.2,4.2,1.6,11,1,32,32,611.1,0.06,0.009
2021-07-24,4605.62305554298,313.940520446097,1057.45062854983,50.0986476541386,0,249.566979711291,0.21,0.001076,0.14,20.89375,8.25,24.93,93.28,99.82275,53.06,118.17,0.1,4.2,4.2,1.6,11,1,32,32,611.1,0.06,0.009
2021-07-25,4071.97348581505,335.594795539033,982.817329636471,55.8100171081513,0,251.302174425566,0.237691015071378,0.001076,0.14,20.89375,8.25,24.93,93.28,99.82275,53.06,118.17,0.1,4.2,4.2,1.6,11,1,32,32,611.1,0.06,0.009
2021-07-26,3577.31193295863,550.46468401487,1063.20723719498,38.2986722464826,0,306.943218133281,0.263339252818453,0.001076,0.14,20.89375,8.25,24.93,93.28,99.82275,53.06,118.17,0.1,4.2,4.2,1.6,11,1,32,32,611.1,0.06,0.009
2021-07-27,2160.79403958952,548.327137546468,1116.55153269695,33.4342979294318,249.961099479894,240.165599124431,108.864750914539,0.001076,0.14,20.89375,8.25,24.93,93.28,99.82275,53.06,118.17,0.1,4.2,4.2,1.6,11,1,32,32,611.1,0.06,0.009
2021-07-28,1437.19030536404,674.628252788104,1218.64983805189,32.5336990901684,178.600555872938,266.313711694638,233.555533375923,0.001076,0.14,20.89375,8.25,24.93,93.28,99.82275,53.06,118.17,0.1,4.2,4.2,1.6,11,1,32,32,611.1,0.06,0.009
2021-07-29,2669.72787257661,573.420074349442,1231.49995976191,32.758853284896,17.9303379324786,245.353781065423,198.594300813282,0.001076,0.14,20.89375,8.25,24.93,93.28,99.82275,53.06,118.17,0.1,4.2,4.2,1.6,11,1,32,32,611.1,0.06,0.009
2021-07-30,1103.89035022646,531.970260223048,1031.09923162308,30.9255744040544,309.023161417665,183.061049138391,202.788360682537,0.001076,0.14,20.89375,8.25,24.93,93.28,99.82275,53.06,118.17,0.1,4.2,4.2,1.6,11,1,32,32,611.1,0.06,0.009
2021-07-31,759.646425758764,333.64312267658,917.809758447009,41.9675038396759,382.163821619779,158.160704948989,194.381547845786,0.001076,0.14,20.89375,8.25,24.93,93.28,99.82275,53.06,118.17,0.1,4.2,4.2,1.6,11,1,32,32,611.1,0.06,0.009
2021-08-01,1078.27883742935,339.405204460967,945.019758667541,49.3649962228134,59.2395275919615,221.16105793703,192.596267015923,0.001076,0.14,20.89375,8.25,24.93,93.28,99.82275,53.06,118.17,0.1,4.2,4.2,1.6,11,1,32,32,611.1,0.06,0.009
2021-08-02,150.936341329806,511.059479553903,1024.72185871434,32.504457060705,227.343283564306,177.192274447798,184.334941591949,0.001076,0.14,20.89375,8.25,24.93,93.28,99.82275,53.06,118.17,0.1,4.2,4.2,1.6,11,1,32,32,611.1,0.06,0.009
2021-08-03,625.966694340822,514.498141263941,1021.55821145522,27.4514455504574,213.285843830074,174.603843013516,194.120439681731,0.001076,0.14,20.89375,8.25,24.93,93.28,99.82275,53.06,118.17,0.1,4.2,4.2,1.6,11,1,32,32,611.1,0.06,0.009
2021-08-04,1183.22536329769,512.918215613383,1048.93789059275,29.741489496203,59.3874192463054,232.489170556907,187.4992763063,0.001076,0.14,20.89375,8.25,24.93,93.28,99.82275,53.06,118.17,0.1,4.2,4.2,1.6,11,1,32,32,611.1,0.06,0.009
2021-08-05,1009.03847917767,520.631970260223,1068.22080657682,30.116701338883,156.567227881078,204.59421669462,178.741059672817,0.001076,0.14,20.89375,8.25,24.93,93.28,99.82275,53.06,118.17,0.1,4.2,4.2,1.6,11,1,32,32,611.1,0.06,0.009
2021-08-06,52.022562139126,507.899628252788,1130.29693021185,35.2285559651015,461.67458690875,139.712590109731,201.381327986275,0.001076,0.14,20.89375,8.25,24.93,93.28,99.82275,53.06,118.17,0.1,4.2,4.2,1.6,11,1,32,32,611.1,0.06,0.009
2021-08-07,12.0056609426268,303.810408921933,1101.345312476,49.0730739449203,455.857633026935,144.118528770482,197.811717915062,0.001076,0.14,20.89375,8.25,24.93,93.28,99.82275,53.06,118.17,0.1,4.2,4.2,1.6,11,1,32,32,611.1,0.06,0.009
2021-08-08,973.25534257792,325.278810408922,1081.97826584631,56.8897699300122,133.82538112603,220.020115349255,197.369543643229,0.001076,0.14,20.89375,8.25,24.93,93.28,99.82275,53.06,118.17,0.1,4.2,4.2,1.6,11,1,32,32,611.1,0.06,0.009
2021-08-09,1537.80689501296,514.498141263941,1190.44529172929,45.9685395574292,311.274364399679,173.690235343033,195.711308190795,0.001076,0.14,20.89375,8.25,24.93,93.28,99.82275,53.06,118.17,0.1,4.2,4.2,1.6,11,1,32,32,611.1,0.06,0.009
2021-08-10,1604.96577863803,611.802973977695,1232.43135603631,30.6772578227382,450.741624212322,137.359541550162,177.264849810662,0.001076,0.14,20.89375,8.25,24.93,93.28,99.82275,53.06,118.17,0.1,4.2,4.2,1.6,11,1,32,32,611.1,0.06,0.009
2021-08-11,1155.38781738077,612.546468401487,1220.42700126645,33.0891146398517,462.305093785221,143.054450985492,201.002946937088,0.001076,0.14,20.89375,8.25,24.93,93.28,99.82275,53.06,118.17,0.1,4.2,4.2,1.6,11,1,32,32,611.1,0.06,0.009
2021-08-12,954.531087126958,553.717472118959,1142.12742903068,34.6433475284636,456.851523515166,134.576119923292,200.451828562411,0.001076,0.14,20.89375,8.25,24.93,93.28,99.82275,53.06,118.17,0.1,4.2,4.2,1.6,11,1,32,32,611.1,0.06,0.009
2021-08-13,211.294722403283,508.736059479554,1041.43671342313,27.3958539087947,338.495845874361,155.329015229367,189.998208473727,0.001076,0.14,20.89375,8.25,24.93,93.28,99.82275,53.06,118.17,0.1,4.2,4.2,1.6,11,1,32,32,611.1,0.06,0.009
2021-08-14,1186.59693944188,313.104089219331,921.56719611559,39.3515263785564,10.0191139678644,227.609279118745,190.975107947086,0.001076,0.14,20.89375,8.25,24.93,93.28,99.82275,53.06,118.17,0.1,4.2,4.2,1.6,11,1,32,32,611.1,0.06,0.009
2021-08-15,1180.18746315165,335.315985130112,922.645593552571,46.1212283401526,0,232.917644364723,187.990992592391,0.001076,0.14,20.89375,8.25,24.93,93.28,99.82275,53.06,118.17,0.1,4.2,4.2,1.6,11,1,32,32,611.1,0.06,0.009
2021-08-16,867.248929285246,526.022304832714,1055.19666339579,33.9600950266327,132.468374008055,203.804492122437,183.975796967618,0.001076,0.14,20.89375,8.25,24.93,93.28,99.82275,53.06,118.17,0.1,4.2,4.2,1.6,11,1,32,32,611.1,0.06,0.009
2021-08-17,22.0866273373444,513.475836431227,1144.70824329994,31.9500462014801,401.357615847324,142.002202676998,184.300400573577,0.001076,0.14,20.89375,8.25,24.93,93.28,99.82275,53.06,118.17,0.1,4.2,4.2,1.6,11,1,32,32,611.1,0.06,0.009
2021-08-18,11.4346825045053,499.814126394052,1153.68173863672,35.7233883321158,410.057548517961,155.521537428928,191.280070488162,0.001076,0.14,20.89375,8.25,24.93,93.28,99.82275,53.06,118.17,0.1,4.2,4.2,1.6,11,1,32,32,611.1,0.06,0.009
2021-08-19,881.173999473779,523.791821561338,1166.58732935446,38.5460500773179,408.441620102378,144.404381426145,186.787147796032,0.001076,0.14,20.89375,8.25,24.93,93.28,99.82275,53.06,118.17,0.1,4.2,4.2,1.6,11,1,32,32,611.1,0.06,0.009
2021-08-20,1464.47539225933,514.498141263941,1182.21764796005,40.7051024254237,323.870300155272,173.981317188164,187.821735258291,0.001076,0.14,20.89375,8.25,24.93,93.28,99.82275,53.06,118.17,0.1,4.2,4.2,1.6,11,1,32,32,611.1,0.06,0.009
2021-08-21,2065.22531510777,317.657992565056,1035.63572802126,44.3116171067526,12.2004389382135,245.304512914069,205.495742477916,0.001076,0.14,20.89375,8.25,24.93,93.28,99.82275,53.06,118.17,0.1,4.2,4.2,1.6,11,1,32,32,611.1,0.06,0.009
2021-08-22,1071.36369073018,234.665427509294,960.238618433382,50.2193632413379,0,244.59274872405,193.04582633065,0.001076,0.14,20.89375,8.25,24.93,93.28,99.82275,53.06,118.17,0.1,4.2,4.2,1.6,11,1,32,32,611.1,0.06,0.009
2021-08-23,1403.96939101942,519.702602230483,1200.20819890712,43.5945167970822,276.932128649383,186.653783014864,204.113106018794,0.001076,0.14,20.89375,8.25,24.93,93.28,99.82275,53.06,118.17,0.1,4.2,4.2,1.6,11,1,32,32,611.1,0.06,0.009
2021-08-24,2067.36139104153,532.527881040892,1230.16272009003,37.4722037828552,457.755070505644,138.846915084347,108.161074297942,0.001076,0.14,20.89375,8.25,24.93,93.28,99.82275,53.06,118.17,0.1,4.2,4.2,1.6,11,1,32,32,611.1,0.06,0.009
2021-08-25,3076.00929450299,514.498141263941,1177.33560679328,37.6954303301447,447.299243418011,139.364857854713,0.220321705821334,0.001076,0.14,20.89375,8.25,24.93,93.28,99.82275,53.06,118.17,0.1,4.2,4.2,1.6,11,1,32,32,611.1,0.06,0.009
2021-08-26,3271.12062307881,527.044609665428,1228.40061871342,40.0316133723787,360.331376798381,182.188033279843,0.215947614090486,0.001076,0.14,20.89375,8.25,24.93,93.28,99.82275,53.06,118.17,0.1,4.2,4.2,1.6,11,1,32,32,611.1,0.06,0.009
2021-08-27,3797.4779331609,501.208178438662,1247.38185853937,42.4449087920666,17.7633128108756,237.080040648299,102.012924208716,0.001076,0.14,20.89375,8.25,24.93,93.28,99.82275,53.06,118.17,0.1,4.2,4.2,1.6,11,1,32,32,611.1,0.06,0.009
2021-08-28,2856.40819595179,298.420074349442,1138.83345915493,53.9350772192379,0,234.680290772165,192.083289538004,0.001076,0.14,20.89375,8.25,24.93,93.28,99.82275,53.06,118.17,0.1,4.2,4.2,1.6,11,1,32,32,611.1,0.06,0.009
2021-08-29,1520.34918310237,305.669144981413,1053.26294592896,56.5144388205473,311.469139020059,171.651624015384,201.243015897518,0.001076,0.14,20.89375,8.25,24.93,93.28,99.82275,53.06,118.17,0.1,4.2,4.2,1.6,11,1,32,32,611.1,0.06,0.009
2021-08-30,558.490409781851,330.204460966543,1089.55843921305,56.5303144914526,466.524498373266,140.181156515735,205.488591074166,0.001076,0.14,20.89375,8.25,24.93,93.28,99.82275,53.06,118.17,0.1,4.2,4.2,1.6,11,1,32,32,611.1,0.06,0.009
2021-08-31,264.017703556003,338.382899628253,1048.76027978521,55.8932041404115,468.655982524329,139.276282741156,221.756020309327,0.001076,0.14,20.89375,8.25,24.93,93.28,99.82275,53.06,118.17,0.1,4.2,4.2,1.6,11,1,32,32,611.1,0.06,0.009
2021-09-01,295.863138261298,332.745825602968,1064.57987051497,54.261959848287,429.263107864344,131.283279895663,194.265047218118,0.001078,0.14,20.89375,8.25,24.93,93.28,99.82275,53.06,118.17,0.1,4.2,4.2,1.6,11,1,32,32,611.1,0.06,0.009
2021-09-02,288.735158018382,324.860853432282,1042.72767642581,51.5427497935776,310.825820395522,164.277940414966,197.227394085461,0.001078,0.14,20.89375,8.25,24.93,93.28,99.82275,53.06,118.17,0.1,4.2,4.2,1.6,11,1,32,32,611.1,0.06,0.009
2021-09-03,1516.44142313334,326.530612244898,1058.09894713311,53.3938657099932,16.5431791585593,231.684116159324,201.917073195343,0.001078,0.14,20.89375,8.25,24.93,93.28,99.82275,53.06,118.17,0.1,4.2,4.2,1.6,11,1,32,32,611.1,0.06,0.009
2021-09-04,1480.74056147337,312.244897959184,990.099615805379,51.1224640557454,0,237.80116063622,206.600717118971,0.001078,0.14,20.89375,8.25,24.93,93.28,99.82275,53.06,118.17,0.1,4.2,4.2,1.6,11,1,32,32,611.1,0.06,0.009
2021-09-05,1331.52590166606,308.163265306122,923.916740915943,47.3529411894674,0,240.511806287323,200.995648634713,0.001078,0.14,20.89375,8.25,24.93,93.28,99.82275,53.06,118.17,0.1,4.2,4.2,1.6,11,1,32,32,611.1,0.06,0.009
2021-09-06,3353.79484054817,279.684601113173,979.116317051146,49.1765568676324,0,239.861128076279,0.637713722672158,0.001078,0.14,20.89375,8.25,24.93,93.28,99.82275,53.06,118.17,0.1,4.2,4.2,1.6,11,1,32,32,611.1,0.06,0.009
2021-09-07,2679.95176092277,237.384044526902,1138.27378486695,58.7375428586254,274.021809182071,162.086390181705,0.208887248305885,0.001078,0.14,20.89375,8.25,24.93,93.28,99.82275,53.06,118.17,0.1,4.2,4.2,1.6,11,1,32,32,611.1,0.06,0.009
2021-09-08,2652.47978821844,264.378478664193,994.524014223945,52.3193460728643,255.985307703337,138.029841631705,0.266790452703684,0.001078,0.14,20.89375,8.25,24.93,93.28,99.82275,53.06,118.17,0.1,4.2,4.2,1.6,11,1,32,32,611.1,0.06,0.009
2021-09-09,2658.86652482354,260.482374768089,994.084808493448,51.2918758234467,254.927208740932,135.324094605693,0.230508369067202,0.001078,0.14,20.89375,8.25,24.93,93.28,99.82275,53.06,118.17,0.1,4.2,4.2,1.6,11,1,32,32,611.1,0.06,0.009
2021-09-10,898.091575635053,333.673469387755,1036.72649434913,52.5460963025159,343.278761655705,138.719221751012,123.747314065292,0.001078,0.14,20.89375,8.25,24.93,93.28,99.82275,53.06,118.17,0.1,4.2,4.2,1.6,11,1,32,32,611.1,0.06,0.009
2021-09-11,844.291063229031,301.669758812616,1008.1225284476,55.1213286020272,412.810055015278,145.700403065177,170.137498843252,0.001078,0.14,20.89375,8.25,24.93,93.28,99.82275,53.06,118.17,0.1,4.2,4.2,1.6,11,1,32,32,611.1,0.06,0.009
2021-09-12,1847.83852594055,310.38961038961,999.052897717384,54.9528935047343,378.723669510783,136.964447844811,155.859598057719,0.001078,0.14,20.89375,8.25,24.93,93.28,99.82275,53.06,118.17,0.1,4.2,4.2,1.6,11,1,32,32,611.1,0.06,0.009
2021-09-13,1564.76135874051,346.103896103896,1121.2875682821,54.2070877771527,393.815589012556,130.596980604236,154.460947294776,0.001078,0.14,20.89375,8.25,24.93,93.28,99.82275,53.06,118.17,0.1,4.2,4.2,1.6,11,1,32,32,611.1,0.06,0.009
2021-09-14,656.979752237743,337.47680890538,1086.71550548301,54.4626431535655,411.127386647802,134.713703199211,162.618036237738,0.001078,0.14,20.89375,8.25,24.93,93.28,99.82275,53.06,118.17,0.1,4.2,4.2,1.6,11,1,32,32,611.1,0.06,0.009
2021-09-15,12.3603578916219,333.487940630798,1020.52526513226,50.2821895130879,405.315283128521,144.837493239543,175.552301733791,0.001078,0.14,20.89375,8.25,24.93,93.28,99.82275,53.06,118.17,0.1,4.2,4.2,1.6,11,1,32,32,611.1,0.06,0.009
2021-09-16,19.9754244112641,340.25974025974,1042.70295062135,51.493183376449,430.128483029512,132.862172939468,175.77313723697,0.001078,0.14,20.89375,8.25,24.93,93.28,99.82275,53.06,118.17,0.1,4.2,4.2,1.6,11,1,32,32,611.1,0.06,0.009
2021-09-17,28.5927317047893,319.666048237477,1068.11536026893,52.8147066909283,447.127373543038,136.345180897975,197.273978733756,0.001078,0.14,20.89375,8.25,24.93,93.28,99.82275,53.06,118.17,0.1,4.2,4.2,1.6,11,1,32,32,611.1,0.06,0.009
2021-09-18,936.702127910729,211.78107606679,966.94152385414,48.7873392903079,150.66015264542,202.426184842063,181.729066373177,0.001078,0.14,20.89375,8.25,24.93,93.28,99.82275,53.06,118.17,0.1,4.2,4.2,1.6,11,1,32,32,611.1,0.06,0.009
2021-09-19,563.770414148211,200.927643784787,1044.79233687446,54.6931538358805,342.202763131474,154.592109533993,164.530776178009,0.001078,0.14,20.89375,8.25,24.93,93.28,99.82275,53.06,118.17,0.1,4.2,4.2,1.6,11,1,32,32,611.1,0.06,0.009
2021-09-20,563.293792377049,231.725417439703,1163.62955004423,60.4976145247006,448.666774469055,141.519334916575,177.011278727825,0.001078,0.14,20.89375,8.25,24.93,93.28,99.82275,53.06,118.17,0.1,4.2,4.2,1.6,11,1,32,32,611.1,0.06,0.009
2021-09-21,426.067775705458,260.482374768089,994.234307208587,49.9704723034541,131.187106162455,200.915056250059,192.837974275241,0.001078,0.14,20.89375,8.25,24.93,93.28,99.82275,53.06,118.17,0.1,4.2,4.2,1.6,11,1,32,32,611.1,0.06,0.009
2021-09-22,18.1187451115276,259.833024118738,970.602650317481,47.7912802914337,327.991051613333,131.609241507646,175.259232100472,0.001078,0.14,20.89375,8.25,24.93,93.28,99.82275,53.06,118.17,0.1,4.2,4.2,1.6,11,1,32,32,611.1,0.06,0.009
2021-09-23,15.2807213937158,250.556586270872,992.982842241471,47.6445727577806,258.107270627199,133.00354138102,173.723805798452,0.001078,0.14,20.89375,8.25,24.93,93.28,99.82275,53.06,118.17,0.1,4.2,4.2,1.6,11,1,32,32,611.1,0.06,0.009
2021-09-24,10.6794373683078,250.834879406308,995.808769582173,47.8952242983113,240.206747292168,124.513939964678,169.251929151523,0.001078,0.14,20.89375,8.25,24.93,93.28,99.82275,53.06,118.17,0.1,4.2,4.2,1.6,11,1,32,32,611.1,0.06,0.009
2021-09-25,12.736598881516,225.788497217069,898.416807861665,42.4844246501761,250.08735602404,113.561750677857,175.358558941593,0.001078,0.14,20.89375,8.25,24.93,93.28,99.82275,53.06,118.17,0.1,4.2,4.2,1.6,11,1,32,32,611.1,0.06,0.009
2021-09-26,22.445440315446,206.21521335807,956.151838146382,45.6148134114318,229.745567214327,115.439092443137,171.493537106835,0.001078,0.14,20.89375,8.25,24.93,93.28,99.82275,53.06,118.17,0.1,4.2,4.2,1.6,11,1,32,32,611.1,0.06,0.009
2021-09-27,22.8859604345936,229.406307977737,1122.20884941133,54.3201331368772,291.835676205807,124.069866532988,171.972611707602,0.001078,0.14,20.89375,8.25,24.93,93.28,99.82275,53.06,118.17,0.1,4.2,4.2,1.6,11,1,32,32,611.1,0.06,0.009
2021-09-28,19.5488517445684,237.384044526902,1098.01261017167,55.2914168707817,340.669220972682,126.267558186279,185.333828740402,0.001078,0.14,20.89375,8.25,24.93,93.28,99.82275,53.06,118.17,0.1,4.2,4.2,1.6,11,1,32,32,611.1,0.06,0.009
2021-09-29,12.074367562801,230.519480519481,1114.03094775808,55.7502316551468,319.902390350916,120.261505261301,189.649761463367,0.001078,0.14,20.89375,8.25,24.93,93.28,99.82275,53.06,118.17,0.1,4.2,4.2,1.6,11,1,32,32,611.1,0.06,0.009
2021-09-30,20.518463842849,226.994434137291,1153.02992617111,57.152859037729,344.324268332264,112.980048901171,196.47984845985,0.001078,0.14,20.89375,8.25,24.93,93.28,99.82275,53.06,118.17,0.1,4.2,4.2,1.6,11,1,32,32,611.1,0.06,0.009
2021-10-01,12.1574415737367,222.170686456401,1141.97247890681,57.1351408312854,386.594234425053,118.674847274851,186.108595513108,0.001078,0.14,20.89375,8.25,24.93,93.28,99.82275,53.06,118.17,0.1,4.2,4.2,1.6,11,1,32,32,611.1,0.06,0.009
2021-10-02,1087.47633176158,209.276437847866,1032.64324210767,52.6765765837074,382.031857750654,126.855146104805,64.3951472509931,0.001078,0.14,20.89375,8.25,24.93,93.28,99.82275,53.06,118.17,0.1,4.2,4.2,1.6,11,1,32,32,611.1,0.06,0.009
2021-10-03,1431.24633233005,222.263450834879,1010.81653809343,49.4838176211396,334.154452894903,124.08484647124,0.467398957909314,0.001078,0.14,20.89375,8.25,24.93,93.28,99.82275,53.06,118.17,0.1,4.2,4.2,1.6,11,1,32,32,611.1,0.06,0.009
2021-10-04,1085.6488580691,255.194805194805,1086.23489940494,50.5106930933629,273.158105763777,123.826257231796,57.8264863360941,0.001078,0.14,20.89375,8.25,24.93,93.28,99.82275,53.06,118.17,0.1,4.2,4.2,1.6,11,1,32,32,611.1,0.06,0.009
2021-10-05,11.8250418130499,265.213358070501,1081.05064459464,47.4032223155442,307.659216297892,123.708593388537,182.536504880983,0.001078,0.14,20.89375,8.25,24.93,93.28,99.82275,53.06,118.17,0.1,4.2,4.2,1.6,11,1,32,32,611.1,0.06,0.009
2021-10-06,18.8924688994302,240.445269016698,1094.13901972239,54.8161940016234,385.667672531762,135.362769428505,166.607423906713,0.001078,0.14,20.89375,8.25,24.93,93.28,99.82275,53.06,118.17,0.1,4.2,4.2,1.6,11,1,32,32,611.1,0.06,0.009
2021-10-07,11.271145198514,240.074211502783,1127.89397085087,55.4525875090719,386.855630930943,132.069079196765,165.990998524656,0.001078,0.14,20.89375,8.25,24.93,93.28,99.82275,53.06,118.17,0.1,4.2,4.2,1.6,11,1,32,32,611.1,0.06,0.009
2021-10-08,23.7174672313918,235.714285714286,1110.886220185,54.888185688247,361.589584810697,135.7247929024,170.515054748943,0.001078,0.14,20.89375,8.25,24.93,93.28,99.82275,53.06,118.17,0.1,4.2,4.2,1.6,11,1,32,32,611.1,0.06,0.009
2021-10-09,3370.17881579742,210.482374768089,1028.98308154409,52.3745148243101,0.78606615465691,3.83979213178707,184.862138429576,0.001078,0.14,20.89375,8.25,24.93,93.28,99.82275,53.06,118.17,0.1,4.2,4.2,1.6,11,1,32,32,611.1,0.06,0.009
2021-10-10,3424.28341848248,226.437847866419,992.212673750972,50.9679514324391,0,0,184.02302815121,0.001078,0.14,20.89375,8.25,24.93,93.28,99.82275,53.06,118.17,0.1,4.2,4.2,1.6,11,1,32,32,611.1,0.06,0.009
2021-10-11,3294.51168981012,262.987012987013,996.838852482873,48.5068329342609,0,0,182.555523622246,0.001078,0.14,20.89375,8.25,24.93,93.28,99.82275,53.06,118.17,0.1,4.2,4.2,1.6,11,1,32,32,611.1,0.06,0.009
2021-10-12,3187.17357335321,247.588126159555,965.19179793478,48.2018218376488,0,0,188.497386353776,0.001078,0.14,20.89375,8.25,24.93,93.28,99.82275,53.06,118.17,0.1,4.2,4.2,1.6,11,1,32,32,611.1,0.06,0.009
2021-10-13,3382.21074753991,247.124304267161,1026.62830077575,50.3231852397369,0,0,191.244866630969,0.001078,0.14,20.89375,8.25,24.93,93.28,99.82275,53.06,118.17,0.1,4.2,4.2,1.6,11,1,32,32,611.1,0.06,0.009
2021-10-14,4358.12889318636,252.411873840445,921.586231737947,47.4261890961577,0,0,91.2160504152344,0.001078,0.14,20.89375,8.25,24.93,93.28,99.82275,53.06,118.17,0.1,4.2,4.2,1.6,11,1,32,32,611.1,0.06,0.009
2021-10-15,5425.68214871127,282.282003710575,850.884738550219,45.9784101503696,0,0,0.265353608667472,0.001078,0.14,20.89375,8.25,24.93,93.28,99.82275,53.06,118.17,0.1,4.2,4.2,1.6,11,1,32,32,611.1,0.06,0.009
2021-10-16,4900.07379420657,256.21521335807,835.956413979924,42.1102906049585,0,0,0.277466999980243,0.001078,0.14,20.89375,8.25,24.93,93.28,99.82275,53.06,118.17,0.1,4.2,4.2,1.6,11,1,32,32,611.1,0.06,0.009
2021-10-17,4702.15584769666,234.69387755102,841.186822940285,42.3531883410948,0,0,0.234523057503248,0.001078,0.14,20.89375,8.25,24.93,93.28,99.82275,53.06,118.17,0.1,4.2,4.2,1.6,11,1,32,32,611.1,0.06,0.009
2021-10-18,5032.06553926287,248.979591836735,932.695293125964,47.196725350702,0,0,0.251510922505746,0.001078,0.14,20.89375,8.25,24.93,93.28,99.82275,53.06,118.17,0.1,4.2,4.2,1.6,11,1,32,32,611.1,0.06,0.009
2021-10-19,5299.04807382988,248.237476808905,907.219222830097,48.4064870553204,0,0,0.272346939280692,0.001078,0.14,20.89375,8.25,24.93,93.28,99.82275,53.06,118.17,0.1,4.2,4.2,1.6,11,1,32,32,611.1,0.06,0.009
2021-10-20,4943.68095998113,279.128014842301,941.075386540077,48.3949992084372,0,0,0.269360771953057,0.001078,0.14,20.89375,8.25,24.93,93.28,99.82275,53.06,118.17,0.1,4.2,4.2,1.6,11,1,32,32,611.1,0.06,0.009
2021-10-21,5057.73062172218,316.975881261596,872.519946564872,46.2994967513765,0,0,0.276822642762565,0.001078,0.14,20.89375,8.25,24.93,93.28,99.82275,53.06,118.17,0.1,4.2,4.2,1.6,11,1,32,32,611.1,0.06,0.009
2021-10-22,5501.28296550873,350.742115027829,849.276359588288,45.7402926118062,0,0,0.232497563765528,0.001078,0.14,20.89375,8.25,24.93,93.28,99.82275,53.06,118.17,0.1,4.2,4.2,1.6,11,1,32,32,611.1,0.06,0.009
2021-10-23,5319.18449724645,281.26159554731,783.146525205333,42.3365689166715,0,0,0.261358173698493,0.001078,0.14,20.89375,8.25,24.93,93.28,99.82275,53.06,118.17,0.1,4.2,4.2,1.6,11,1,32,32,611.1,0.06,0.009
2021-10-24,5447.38555355535,292.764378478664,766.016477357935,41.4776991071701,0,0,0.259695067383548,0.001078,0.14,20.89375,8.25,24.93,93.28,99.82275,53.06,118.17,0.1,4.2,4.2,1.6,11,1,32,32,611.1,0.06,0.009
2021-10-25,5540.3175268079,318.367346938775,867.983417566122,45.5438734684983,0,0,0.27620876341833,0.001078,0.14,20.89375,8.25,24.93,93.28,99.82275,53.06,118.17,0.1,4.2,4.2,1.6,11,1,32,32,611.1,0.06,0.009
2021-10-26,5399.23557692618,291.280148423006,881.223883177249,46.4116704421101,0,0,0.264250176102329,0.001078,0.14,20.89375,8.25,24.93,93.28,99.82275,53.06,118.17,0.1,4.2,4.2,1.6,11,1,32,32,611.1,0.06,0.009
2021-10-27,5264.60805301411,303.339517625232,887.262902383648,46.4147207828202,0,0,0.224082699066733,0.001078,0.14,20.89375,8.25,24.93,93.28,99.82275,53.06,118.17,0.1,4.2,4.2,1.6,11,1,32,32,611.1,0.06,0.009
2021-10-28,5122.37011586569,313.9146567718,895.147545535531,46.1690638373161,0,0,0.250162631480694,0.001078,0.14,20.89375,8.25,24.93,93.28,99.82275,53.06,118.17,0.1,4.2,4.2,1.6,11,1,32,32,611.1,0.06,0.009
2021-10-29,4726.20893855124,306.215213358071,917.592576849019,45.6543059496024,0,0,0.248683034120983,0.001078,0.14,20.89375,8.25,24.93,93.28,99.82275,53.06,118.17,0.1,4.2,4.2,1.6,11,1,32,32,611.1,0.06,0.009
2021-10-30,4516.47907898432,274.211502782931,842.586177985156,42.2647063829872,0,0,0.293204135457311,0.001078,0.14,20.89375,8.25,24.93,93.28,99.82275,53.06,118.17,0.1,4.2,4.2,1.6,11,1,32,32,611.1,0.06,0.009
2021-10-31,4833.03459327662,353.803339517625,824.728119348492,41.2801011560979,0,0,0.276339510702601,0.001078,0.14,20.89375,8.25,24.93,93.28,99.82275,53.06,118.17,0.1,4.2,4.2,1.6,11,1,32,32,611.1,0.06,0.009
2021-11-01,5887.07813163418,432.808155699722,893.07892497801,45.6776567575561,0,0,0.250765722798227,0.001079,0.14,20.89375,8.25,24.93,93.28,99.82275,53.06,118.17,0.1,4.2,4.2,1.6,11,1,32,32,611.1,0.06,0.009
2021-11-02,6351.46655473423,433.827618164968,857.144788990156,46.7867150845102,0,0,0.252085331944259,0.001079,0.14,20.89375,8.25,24.93,93.28,99.82275,53.06,118.17,0.1,4.2,4.2,1.6,11,1,32,32,611.1,0.06,0.009
2021-11-03,6374.71571384741,410.658016682113,868.952945177265,46.6850105610255,0,0,0.264484170271705,0.001079,0.14,20.89375,8.25,24.93,93.28,99.82275,53.06,118.17,0.1,4.2,4.2,1.6,11,1,32,32,611.1,0.06,0.009
2021-11-04,5282.29087224968,397.961075069509,872.215487919726,46.315325718552,0,70.4553313116372,0.251494683407025,0.001079,0.14,20.89375,8.25,24.93,93.28,99.82275,53.06,118.17,0.1,4.2,4.2,1.6,11,1,32,32,611.1,0.06,0.009
2021-11-05,2984.37545400397,351.714550509731,872.639949025843,45.9460842659543,97.4009604712796,205.577468672365,0.227086775508261,0.001079,0.14,20.89375,8.25,24.93,93.28,99.82275,53.06,118.17,0.1,4.2,4.2,1.6,11,1,32,32,611.1,0.06,0.009
2021-11-06,1905.76382826476,293.790546802595,819.026854857562,42.2816060859252,332.327957271554,113.319585854032,0.247445305939152,0.001079,0.14,20.89375,8.25,24.93,93.28,99.82275,53.06,118.17,0.1,4.2,4.2,1.6,11,1,32,32,611.1,0.06,0.009
2021-11-07,1861.74932263571,272.103799814643,879.099409711955,43.8638456507406,299.149746629216,111.771523465904,0.279371404776824,0.001079,0.14,20.89375,8.25,24.93,93.28,99.82275,53.06,118.17,0.1,4.2,4.2,1.6,11,1,32,32,611.1,0.06,0.009
2021-11-08,1719.9037717383,272.659870250232,958.490056083129,46.4081583273086,248.354016075398,121.125071858396,0.244137058423531,0.001079,0.14,20.89375,8.25,24.93,93.28,99.82275,53.06,118.17,0.1,4.2,4.2,1.6,11,1,32,32,611.1,0.06,0.009
2021-11-09,1559.13916703272,301.760889712697,955.798855224414,46.4328333154666,278.271572191781,119.263771870993,0.273268874926738,0.001079,0.14,20.89375,8.25,24.93,93.28,99.82275,53.06,118.17,0.1,4.2,4.2,1.6,11,1,32,32,611.1,0.06,0.009
2021-11-10,816.468316341881,288.507877664504,923.892088259733,45.2495655804731,334.425197260155,121.161197445055,93.3359759245984,0.001079,0.14,20.89375,8.25,24.93,93.28,99.82275,53.06,118.17,0.1,4.2,4.2,1.6,11,1,32,32,611.1,0.06,0.009
2021-11-11,476.930826833412,384.98609823911,912.997114361519,45.4368370570287,291.93412684491,115.355073166882,195.266231257504,0.001079,0.14,20.89375,8.25,24.93,93.28,99.82275,53.06,118.17,0.1,4.2,4.2,1.6,11,1,32,32,611.1,0.06,0.009
2021-11-12,3623.24318219399,447.08063021316,873.79963851574,45.7264626115394,31.9435214133483,42.5760327043853,222.130492456503,0.001079,0.14,20.89375,8.25,24.93,93.28,99.82275,53.06,118.17,0.1,4.2,4.2,1.6,11,1,32,32,611.1,0.06,0.009
2021-11-13,422.871075622843,419.833178869323,826.847430325326,41.335939752791,418.502716098408,151.439907580642,193.467839388768,0.001079,0.14,20.89375,8.25,24.93,93.28,99.82275,53.06,118.17,0.1,4.2,4.2,1.6,11,1,32,32,611.1,0.06,0.009
2021-11-14,359.313086826655,443.744207599629,799.430135777318,40.3738334775087,449.776749722232,145.946674461914,197.554278441648,0.001079,0.14,20.89375,8.25,24.93,93.28,99.82275,53.06,118.17,0.1,4.2,4.2,1.6,11,1,32,32,611.1,0.06,0.009
2021-11-15,2018.84578374127,493.512511584801,873.108844626884,40.3406902142272,395.129094978344,156.775134081546,75.0338675796731,0.001079,0.14,20.89375,8.25,24.93,93.28,99.82275,53.06,118.17,0.1,4.2,4.2,1.6,11,1,32,32,611.1,0.06,0.009
2021-11-16,2465.83520890777,319.369786839666,923.477736420744,45.1044002889038,305.589486028213,138.873384051223,0.267262079385274,0.001079,0.14,20.89375,8.25,24.93,93.28,99.82275,53.06,118.17,0.1,4.2,4.2,1.6,11,1,32,32,611.1,0.06,0.009
2021-11-17,2499.90533500779,447.914735866543,911.036610174291,45.0616473098595,288.985239372814,141.539991614799,0.239098670053945,0.001079,0.14,20.89375,8.25,24.93,93.28,99.82275,53.06,118.17,0.1,4.2,4.2,1.6,11,1,32,32,611.1,0.06,0.009
2021-11-18,3196.49511842054,555.514365152919,870.839940844842,44.8340805772822,455.298871393891,133.911136244573,0.266890673495524,0.001079,0.14,20.89375,8.25,24.93,93.28,99.82275,53.06,118.17,0.1,4.2,4.2,1.6,11,1,32,32,611.1,0.06,0.009
2021-11-19,2772.69536907917,459.684893419833,856.514549547616,44.7711421341514,470.041323744991,133.464775607404,0.460367611942385,0.001079,0.14,20.89375,8.25,24.93,93.28,99.82275,53.06,118.17,0.1,4.2,4.2,1.6,11,1,32,32,611.1,0.06,0.009
2021-11-20,1743.85236696451,366.265060240964,789.062776575782,40.7872615025762,405.700730741184,120.30353678179,0.68474975295541,0.001079,0.14,20.89375,8.25,24.93,93.28,99.82275,53.06,118.17,0.1,4.2,4.2,1.6,11,1,32,32,611.1,0.06,0.009
2021-11-21,2100.89720652378,500.185356811863,761.942402603321,40.5071929503955,436.864842328435,120.659742989819,0.394780019103626,0.001079,0.14,20.89375,8.25,24.93,93.28,99.82275,53.06,118.17,0.1,4.2,4.2,1.6,11,1,32,32,611.1,0.06,0.009
2021-11-22,3282.11963020433,560.79703429101,829.488359779539,45.5348773614734,467.252812076824,143.874203170696,0.278416810895096,0.001079,0.14,20.89375,8.25,24.93,93.28,99.82275,53.06,118.17,0.1,4.2,4.2,1.6,11,1,32,32,611.1,0.06,0.009
2021-11-23,2413.65405286484,408.155699721965,829.915357073103,45.4747555144468,438.57943495008,149.356284835223,0.253437167424097,0.001079,0.14,20.89375,8.25,24.93,93.28,99.82275,53.06,118.17,0.1,4.2,4.2,1.6,11,1,32,32,611.1,0.06,0.009
2021-11-24,2507.32250716916,426.13531047266,815.426027951175,44.209090352661,253.063720339381,156.724379046768,0.270530623695585,0.001079,0.14,20.89375,8.25,24.93,93.28,99.82275,53.06,118.17,0.1,4.2,4.2,1.6,11,1,32,32,611.1,0.06,0.009
2021-11-25,5058.18073826664,590.361445783133,752.030630113832,42.0803601877561,31.5170933944156,218.56949767253,0.284178565120725,0.001079,0.14,20.89375,8.25,24.93,93.28,99.82275,53.06,118.17,0.1,4.2,4.2,1.6,11,1,32,32,611.1,0.06,0.009
2021-11-26,4678.29862042933,485.356811862836,755.991887465633,42.5828840153458,111.381440013345,217.094620208665,0.265102742809541,0.001079,0.14,20.89375,8.25,24.93,93.28,99.82275,53.06,118.17,0.1,4.2,4.2,1.6,11,1,32,32,611.1,0.06,0.009
2021-11-27,3424.29479087095,425.764596848934,758.069902960791,39.9363045870084,59.9266871613066,233.828604917407,0.239285618814386,0.001079,0.14,20.89375,8.25,24.93,93.28,99.82275,53.06,118.17,0.1,4.2,4.2,1.6,11,1,32,32,611.1,0.06,0.009
2021-11-28,4306.94078739952,471.177015755329,761.868446142216,39.8238833552565,10.6202012530768,237.713364603245,0.278915016528572,0.001079,0.14,20.89375,8.25,24.93,93.28,99.82275,53.06,118.17,0.1,4.2,4.2,1.6,11,1,32,32,611.1,0.06,0.009
2021-11-29,3041.96080590388,404.355885078777,862.462422823681,41.694082280299,181.521335825408,185.524107752295,0.23883932669437,0.001079,0.14,20.89375,8.25,24.93,93.28,99.82275,53.06,118.17,0.1,4.2,4.2,1.6,11,1,32,32,611.1,0.06,0.009
2021-11-30,1997.55183798715,369.508804448563,869.978731125044,44.7697793394215,434.200570467418,131.439729774108,0.273545992490334,0.001079,0.14,20.89375,8.25,24.93,93.28,99.82275,53.06,118.17,0.1,4.2,4.2,1.6,11,1,32,32,611.1,0.06,0.009
2021-12-01,2033.84056367579,345.420560747664,884.523317337833,45.1256837455933,244.706767164187,186.568838438636,0.24070160512921,0.00107,0.14,20.89375,8.25,24.93,93.28,99.82275,53.06,118.17,0.1,4.2,4.2,1.6,11,1,32,32,611.1,0.06,0.009
2021-12-02,1665.36164491694,384.205607476636,917.656978276587,45.5370656626978,373.447216555445,130.741912152465,0.250924860212675,0.00107,0.14,20.89375,8.25,24.93,93.28,99.82275,53.06,118.17,0.1,4.2,4.2,1.6,11,1,32,32,611.1,0.06,0.009
2021-12-03,1863.2820395983,404.299065420561,907.399257140066,45.7178341846085,392.792302594833,124.125803660227,0.23566809880275,0.00107,0.14,20.89375,8.25,24.93,93.28,99.82275,53.06,118.17,0.1,4.2,4.2,1.6,11,1,32,32,611.1,0.06,0.009
2021-12-04,2242.24010558761,438.130841121495,817.632236621913,41.9907539753372,462.039105242598,138.05664452886,0.267072234801905,0.00107,0.14,20.89375,8.25,24.93,93.28,99.82275,53.06,118.17,0.1,4.2,4.2,1.6,11,1,32,32,611.1,0.06,0.009
2021-12-05,2077.53789800763,464.485981308411,817.980129637708,40.689338360047,484.739108358547,136.17180180316,0.235552595646285,0.00107,0.14,20.89375,8.25,24.93,93.28,99.82275,53.06,118.17,0.1,4.2,4.2,1.6,11,1,32,32,611.1,0.06,0.009
2021-12-06,3938.31524852803,683.644859813084,910.145087641883,42.586499416647,488.138407601808,136.862561447038,0.27356122784217,0.00107,0.14,20.89375,8.25,24.93,93.28,99.82275,53.06,118.17,0.1,4.2,4.2,1.6,11,1,32,32,611.1,0.06,0.009
2021-12-07,4303.53058384825,590.654205607477,924.378117620825,46.6400074937782,428.795011534881,151.57236411266,0.290267980599542,0.00107,0.14,20.89375,8.25,24.93,93.28,99.82275,53.06,118.17,0.1,4.2,4.2,1.6,11,1,32,32,611.1,0.06,0.009
2021-12-08,3580.12398690203,538.785046728972,920.486654234453,46.847281529956,447.745362537507,141.089217440769,0.286679287038002,0.00107,0.14,20.89375,8.25,24.93,93.28,99.82275,53.06,118.17,0.1,4.2,4.2,1.6,11,1,32,32,611.1,0.06,0.009
2021-12-09,2377.73950222576,411.775700934579,912.201550000346,45.769292165191,387.017919825495,155.032266185135,0.332876267634677,0.00107,0.14,20.89375,8.25,24.93,93.28,99.82275,53.06,118.17,0.1,4.2,4.2,1.6,11,1,32,32,611.1,0.06,0.009
2021-12-10,2367.11527570243,415.140186915888,899.764160275618,44.4300823150991,368.443202647247,157.708143668398,0.270820509397749,0.00107,0.14,20.89375,8.25,24.93,93.28,99.82275,53.06,118.17,0.1,4.2,4.2,1.6,11,1,32,32,611.1,0.06,0.009
2021-12-11,2528.70562452457,453.271028037383,833.547143698132,41.4608344827809,434.108811020882,145.303950771087,0.263503641068497,0.00107,0.14,20.89375,8.25,24.93,93.28,99.82275,53.06,118.17,0.1,4.2,4.2,1.6,11,1,32,32,611.1,0.06,0.009
2021-12-12,2334.41181984453,392.803738317757,835.868253663766,40.6581137194967,378.569185382838,159.81507743986,0.226975485681943,0.00107,0.14,20.89375,8.25,24.93,93.28,99.82275,53.06,118.17,0.1,4.2,4.2,1.6,11,1,32,32,611.1,0.06,0.009
2021-12-13,2644.88726119231,402.242990654206,915.417749173652,44.0565651159025,45.9663856188575,307.427357578145,0.203189585276317,0.00107,0.195,20.89375,8.25,24.93,93.28,99.82275,53.06,118.17,0.1,4.2,4.2,1.6,11,1,32,32,611.1,0.06,0.009
2021-12-14,2111.68446784099,302.897196261682,895.456412448497,43.4817074269666,142.668965000959,282.292847946377,0.236152976034719,0.00107,0.17,20.89375,8.25,24.93,93.28,99.82275,53.06,118.17,0.1,4.2,4.2,1.6,11,1,32,32,611.1,0.06,0.009
2021-12-15,1673.59803564323,337.476635514019,941.690833321196,49.6507989564098,0,265.171790402244,0.237735252546119,0.00107,0.288,20.89375,8.25,24.93,93.28,99.82275,53.06,118.17,0.1,4.2,4.2,1.6,11,1,32,32,611.1,0.06,0.009
2021-12-16,3207.93267602036,498.224299065421,762.984076815521,45.5687680110193,238.465982096599,244.411954554878,0.219620497639313,0.00107,0.21,20.89375,8.25,24.93,93.28,99.82275,53.06,118.17,0.1,4.2,4.2,1.6,11,1,32,32,611.1,0.06,0.009
2021-12-17,3443.01786992219,508.691588785047,757.700856713667,45.0288999795544,209.532354916534,281.807905263191,0.286623331810704,0.00107,0.14,20.89375,8.25,24.93,93.28,99.82275,53.06,118.17,0.1,4.2,4.2,1.6,11,1,32,32,611.1,0.06,0.009
2021-12-18,3498.83104878293,582.336448598131,674.397342895792,42.6361247745521,61.6046833025872,354.372863977492,0.239482042263979,0.00107,0.288,20.89375,8.25,24.93,93.28,99.82275,53.06,118.17,0.1,4.2,4.2,1.6,11,1,32,32,611.1,0.06,0.009
2021-12-19,4136.21127460045,555.981308411215,668.213253719381,42.4239817681934,443.009555034682,144.585977472212,0.292946554298297,0.00107,0.288,20.89375,8.25,24.93,93.28,99.82275,53.06,118.17,0.1,4.2,4.2,1.6,11,1,32,32,611.1,0.06,0.009
2021-12-20,3723.7104027488,589.065420560748,737.407026171741,45.2197222811804,400.271056698014,161.739298101492,0.266485205583217,0.00107,0.288,20.89375,8.25,24.93,93.28,99.82275,53.06,118.17,0.1,4.2,4.2,1.6,11,1,32,32,611.1,0.06,0.009
2021-12-21,4230.49751584748,602.242990654206,739.292198884139,46.0295380305547,455.833777058119,141.096990067347,0.256923329766532,0.00107,0.288,20.89375,8.25,24.93,93.28,99.82275,53.06,118.17,0.1,4.2,4.2,1.6,11,1,32,32,611.1,0.06,0.009
2021-12-22,5503.70019534085,547.383177570093,725.154840355692,45.8682650156796,205.167914084201,174.355138635861,0.255113970977815,0.00107,0.288,20.89375,8.25,24.93,93.28,99.82275,53.06,118.17,0.1,4.2,4.2,1.6,11,1,32,32,611.1,0.06,0.009
2021-12-23,4330.35396842718,397.570093457944,684.045683966923,43.2605778306407,18.1354067018567,232.321637126003,0.252412829132358,0.00107,0.288,20.89375,8.25,24.93,93.28,99.82275,53.06,118.17,0.1,4.2,4.2,1.6,11,1,32,32,611.1,0.06,0.009
2021-12-24,3190.22753528149,355.981308411215,666.537164052871,41.6963240610805,0,231.499259931679,0.238754708333469,0.00107,0.288,20.89375,8.25,24.93,93.28,99.82275,53.06,118.17,0.1,4.2,4.2,1.6,11,1,32,32,611.1,0.06,0.009
2021-12-25,3711.42340578782,461.028037383178,647.954831444299,41.2656925964943,0,233.349933051609,0.254338464530682,0.00107,0.288,20.89375,8.25,24.93,93.28,99.82275,53.06,118.17,0.1,4.2,4.2,1.6,11,1,32,32,611.1,0.06,0.009
2021-12-26,4525.66732725131,457.663551401869,657.46224581243,41.4810044560789,0,238.296131307591,0.241460938056641,0.00107,0.288,20.89375,8.25,24.93,93.28,99.82275,53.06,118.17,0.1,4.2,4.2,1.6,11,1,32,32,611.1,0.06,0.009
2021-12-27,4899.13677007733,541.96261682243,708.819300484389,45.3068450566074,0,230.329520544486,0.24305715753018,0.00107,0.288,20.89375,8.25,24.93,93.28,99.82275,53.06,118.17,0.1,4.2,4.2,1.6,11,1,32,32,611.1,0.06,0.009
2021-12-28,5440.79514636852,599.065420560748,719.497801196244,45.6267028781365,0,220.22784394313,0.260328726021459,0.00107,0.288,20.89375,8.25,24.93,93.28,99.82275,53.06,118.17,0.1,4.2,4.2,1.6,11,1,32,32,611.1,0.06,0.009
2021-12-29,6892.11100520984,660.093457943925,723.71396616131,46.2437211122297,0,227.65801021215,0.276827733428804,0.00107,0.288,20.89375,8.25,24.93,93.28,99.82275,53.06,118.17,0.1,4.2,4.2,1.6,11,1,32,32,611.1,0.06,0.009
2021-12-30,6039.42007086274,557.663551401869,709.155358078002,45.0864005395389,0,220.333292132961,0.238500397716956,0.00107,0.288,20.89375,8.25,24.93,93.28,99.82275,53.06,118.17,0.1,4.2,4.2,1.6,11,1,32,32,611.1,0.06,0.009
2021-12-31,5820.00435642321,582.616822429907,668.756713405397,41.7425149097441,0,223.110078472164,0.254244486114654,0.00107,0.288,20.89375,8.25,24.93,93.28,99.82275,53.06,118.17,0.1,4.2,4.2,1.6,11,1,32,32,611.1,0.06,0.009
2022-01-01,7265.31534970844,685.998107852413,668.094618512815,40.3069112835004,0,225.997735099851,0.240062499615681,0.001057,0.288,20.89375,8.25,24.93,93.28,99.82275,53.06,118.17,0.1,4.2,4.2,1.6,11,1,32,32,611.1,0.06,0.009
2022-01-02,8423.08881659582,729.044465468307,672.603147809709,42.3225351036066,0,219.687700620616,0.24082832376769,0.001057,0.288,20.89375,8.25,24.93,93.28,99.82275,53.06,118.17,0.1,4.2,4.2,1.6,11,1,32,32,611.1,0.06,0.009
2022-01-03,7823.07349077826,684.862819299905,738.579593092152,46.9063051413066,0,221.558771390475,0.271935786748734,0.001057,0.288,20.89375,8.25,24.93,93.28,99.82275,53.06,118.17,0.1,4.2,4.2,1.6,11,1,32,32,611.1,0.06,0.009
2022-01-04,6203.37461568515,606.244087038789,730.632665864332,47.2126276466381,0,223.813165586778,0.25622128607572,0.001057,0.288,20.89375,8.25,24.93,93.28,99.82275,53.06,118.17,0.1,4.2,4.2,1.6,11,1,32,32,611.1,0.06,0.009
2022-01-05,6666.48294445327,776.82119205298,736.905823755157,48.1615760084922,263.379820651366,202.869503416962,0.257020272205634,0.001057,0.288,20.89375,8.25,24.93,93.28,99.82275,53.06,118.17,0.1,4.2,4.2,1.6,11,1,32,32,611.1,0.06,0.009
2022-01-06,7492.80736104495,878.713339640492,754.79027115187,45.6771305120871,369.755188993926,193.930781951391,0.260606777962235,0.001057,0.288,20.89375,8.25,24.93,93.28,99.82275,53.06,118.17,0.1,4.2,4.2,1.6,11,1,32,32,611.1,0.06,0.009
2022-01-07,7485.54821625405,756.953642384106,762.885472553717,48.4029998365167,401.600090680856,178.383274175184,0.259060053078487,0.001057,0.288,20.89375,8.25,24.93,93.28,99.82275,53.06,118.17,0.1,4.2,4.2,1.6,11,1,32,32,611.1,0.06,0.009
2022-01-08,5544.15105175982,568.779564806055,707.046707812074,43.3538373209718,412.293845225012,142.856561182655,0.272069363515405,0.001057,0.288,20.89375,8.25,24.93,93.28,99.82275,53.06,118.17,0.1,4.2,4.2,1.6,11,1,32,32,611.1,0.06,0.009
2022-01-09,6175.83323460377,677.199621570482,693.312834398462,37.8375851571613,427.587918538909,143.236989566745,0.2418674338749,0.001057,0.288,20.89375,8.25,24.93,93.28,99.82275,53.06,118.17,0.1,4.2,4.2,1.6,11,1,32,32,611.1,0.06,0.009
2022-01-10,6399.00288306817,772.280037842952,754.439182013659,45.5995434459392,396.181162930213,159.083803747821,0.230081518771133,0.001057,0.288,20.89375,8.25,24.93,93.28,99.82275,53.06,118.17,0.1,4.2,4.2,1.6,11,1,32,32,611.1,0.06,0.009
2022-01-11,5006.64528364311,489.214758751183,759.280720987997,45.5701075490473,400.147912216949,156.698699087521,0.244501060933414,0.001057,0.288,20.89375,8.25,24.93,93.28,99.82275,53.06,118.17,0.1,4.2,4.2,1.6,11,1,32,32,611.1,0.06,0.009
2022-01-12,3500.90599646663,484.673604541154,745.542169727596,44.6583022019551,409.166250353251,145.954528638955,0.239373588610904,0.001057,0.288,20.89375,8.25,24.93,93.28,99.82275,53.06,118.17,0.1,4.2,4.2,1.6,11,1,32,32,611.1,0.06,0.009
2022-01-13,3728.02865065734,473.226111636708,739.818115455561,44.547616890064,375.785031327061,132.728137532635,0.210760088179769,0.001057,0.288,20.89375,8.25,24.93,93.28,99.82275,53.06,118.17,0.1,4.2,4.2,1.6,11,1,32,32,611.1,0.06,0.009
2022-01-14,5259.10126194497,592.999053926206,721.570199121834,44.3501497548127,116.624353389157,217.347210088452,0.256863329705902,0.001057,0.288,20.89375,8.25,24.93,93.28,99.82275,53.06,118.17,0.1,4.2,4.2,1.6,11,1,32,32,611.1,0.06,0.009
2022-01-15,6963.70795769499,641.438032166509,668.957408827311,42.686865568542,0,223.511585692506,0.271977509216963,0.001057,0.288,20.89375,8.25,24.93,93.28,99.82275,53.06,118.17,0.1,4.2,4.2,1.6,11,1,32,32,611.1,0.06,0.009
2022-01-16,6977.86804832704,584.862819299905,673.959584388702,41.7799397387862,0,220.386055372886,0.251244153651047,0.001057,0.288,20.89375,8.25,24.93,93.28,99.82275,53.06,118.17,0.1,4.2,4.2,1.6,11,1,32,32,611.1,0.06,0.009
2022-01-17,6061.60081893673,564.995269631031,684.49077218688,41.5062326100356,0,236.344361137518,0.264890771956119,0.001057,0.288,20.89375,8.25,24.93,93.28,99.82275,53.06,118.17,0.1,4.2,4.2,1.6,11,1,32,32,611.1,0.06,0.009
2022-01-18,5394.34912514635,562.44087038789,770.577242618979,44.8491263249303,0,241.624996329312,0.22913172558086,0.001057,0.288,20.89375,8.25,24.93,93.28,99.82275,53.06,118.17,0.1,4.2,4.2,1.6,11,1,32,32,611.1,0.06,0.009
2022-01-19,7781.03980480184,831.12582781457,775.907808253246,41.3963441040544,0,256.335798288919,0.296170034878087,0.001057,0.288,20.89375,8.25,24.93,93.28,99.82275,53.06,118.17,0.1,4.2,4.2,1.6,11,1,32,32,611.1,0.06,0.009
2022-01-20,8798.3422826328,841.532639545885,789.48844470711,46.6444618305258,0,254.972345690889,0.212626728311124,0.001057,0.288,20.89375,8.25,24.93,93.28,99.82275,53.06,118.17,0.1,4.2,4.2,1.6,11,1,32,32,611.1,0.06,0.009
2022-01-21,8344.80911750377,681.740775780511,789.752748707141,46.5333111634579,0,263.638397708663,0.232078666310385,0.001057,0.288,20.89375,8.25,24.93,93.28,99.82275,53.06,118.17,0.1,4.2,4.2,1.6,11,1,32,32,611.1,0.06,0.009
2022-01-22,6496.89652787313,592.715231788079,717.463372240327,43.1233847204591,0,263.622938717445,0.26461884005245,0.001057,0.288,20.89375,8.25,24.93,93.28,99.82275,53.06,118.17,0.1,4.2,4.2,1.6,11,1,32,32,611.1,0.06,0.009
2022-01-23,6672.39970133269,617.502365184484,708.645167434367,42.3331090612774,0,260.405840435139,0.223167923960705,0.001057,0.288,20.89375,8.25,24.93,93.28,99.82275,53.06,118.17,0.1,4.2,4.2,1.6,11,1,32,32,611.1,0.06,0.009
2022-01-24,6014.88942737364,719.96215704825,774.921723584859,46.7554637784903,0,333.228268913099,0.253686820372655,0.001057,0.403,20.89375,8.25,24.93,93.28,99.82275,53.06,118.17,0.1,4.2,4.2,1.6,11,1,32,32,611.1,0.06,0.009
2022-01-25,7639.83180940097,819.678334910123,799.473763716461,46.777451928628,0,338.601942125183,0.275773166829528,0.001057,0.403,20.89375,8.25,24.93,93.28,99.82275,53.06,118.17,0.1,4.2,4.2,1.6,11,1,32,32,611.1,0.06,0.009
2022-01-26,7436.71370660509,696.972563859981,793.50885509679,46.478038882887,0,318.00214413367,0.268506794424023,0.001057,0.403,20.89375,8.25,24.93,93.28,99.82275,53.06,118.17,0.1,4.2,4.2,1.6,11,1,32,32,611.1,0.06,0.009
2022-01-27,6867.0763527086,630.46357615894,774.784111387059,46.2449657224937,0,195.051463618625,0.216378346982651,0.001057,0.403,20.89375,8.25,24.93,93.28,99.82275,53.06,118.17,0.1,4.2,4.2,1.6,11,1,32,32,611.1,0.06,0.009
2022-01-28,7499.81571279517,730.558183538316,755.56054886193,46.4729358736592,0,239.607547731074,0.237773837582001,0.001057,0.403,20.89375,8.25,24.93,93.28,99.82275,53.06,118.17,0.1,4.2,4.2,1.6,11,1,32,32,611.1,0.06,0.009
2022-01-29,6719.46187431476,595.837275307474,688.301146924097,42.8723160875108,0,239.322400105444,0.252540515916206,0.001057,0.403,20.89375,8.25,24.93,93.28,99.82275,53.06,118.17,0.1,4.2,4.2,1.6,11,1,32,32,611.1,0.06,0.009
2022-01-30,6675.67779852159,633.491012298959,676.521849322839,41.9119782018484,0,237.101146337194,0.238422127759331,0.001057,0.403,20.89375,8.25,24.93,93.28,99.82275,53.06,118.17,0.1,4.2,4.2,1.6,11,1,32,32,611.1,0.06,0.009
2022-01-31,5764.50044836109,501.702932828761,762.661964017813,46.2257164756293,155.457455377041,194.972307381613,0.249008755675865,0.001057,0.403,20.89375,8.25,24.93,93.28,99.82275,53.06,118.17,0.1,4.2,4.2,1.6,11,1,32,32,611.1,0.06,0.009
2022-02-01,4666.03944483484,629.506641366224,762.478120651518,45.3735085928325,304.714206192803,169.397584457267,0.220273899249229,0.001054,0.403,20.89375,8.25,24.93,93.28,99.82275,53.06,118.17,0.1,4.2,4.2,1.6,11,1,32,32,611.1,0.06,0.009
2022-02-02,6313.8413605947,761.669829222011,766.324517935624,44.6191130663239,307.92742796345,203.732820775776,0.213636528212137,0.001054,0.403,20.89375,8.25,24.93,93.28,99.82275,53.06,118.17,0.1,4.2,4.2,1.6,11,1,32,32,611.1,0.06,0.009
2022-02-03,6849.19066912555,776.185958254269,769.477650918909,46.2922629896206,257.394276285199,213.556949104871,0.246604697474347,0.001054,0.403,20.89375,8.25,24.93,93.28,99.82275,53.06,118.17,0.1,4.2,4.2,1.6,11,1,32,32,611.1,0.06,0.009
2022-02-04,6926.72894815321,789.468690702087,772.779282304565,46.5498269745174,346.88487707669,186.064248731813,0.237947788016272,0.001054,0.403,20.89375,8.25,24.93,93.28,99.82275,53.06,118.17,0.1,4.2,4.2,1.6,11,1,32,32,611.1,0.06,0.009
2022-02-05,6367.60763439416,600.284629981025,704.925784720822,43.2079074033692,367.451177971942,166.578183226651,0.209173319758751,0.001054,0.403,20.89375,8.25,24.93,93.28,99.82275,53.06,118.17,0.1,4.2,4.2,1.6,11,1,32,32,611.1,0.06,0.009
2022-02-06,4834.12637959017,624.857685009488,691.387910570701,41.8467428540759,377.094782169742,157.391570403327,0.25430430223794,0.001054,0.403,20.89375,8.25,24.93,93.28,99.82275,53.06,118.17,0.1,4.2,4.2,1.6,11,1,32,32,611.1,0.06,0.009
2022-02-07,5678.77771652373,650.664136622391,764.22458695452,43.2629235337325,330.301749409179,189.5885764617,0.27620727671262,0.001054,0.403,20.89375,8.25,24.93,93.28,99.82275,53.06,118.17,0.1,4.2,4.2,1.6,11,1,32,32,611.1,0.06,0.009
2022-02-08,3965.29380983472,471.821631878558,753.707273476299,46.4037538399709,138.474347618873,270.570650285647,0.213579778457049,0.001054,0.403,20.89375,8.25,24.93,93.28,99.82275,53.06,118.17,0.1,4.2,4.2,1.6,11,1,32,32,611.1,0.06,0.009
2022-02-09,3952.58806518577,534.819734345351,810.570217943516,44.6310696127501,7.99426335240889,305.187570744363,0.244873155476997,0.001054,0.403,20.89375,8.25,24.93,93.28,99.82275,53.06,118.17,0.1,4.2,4.2,1.6,11,1,32,32,611.1,0.06,0.009
2022-02-10,4903.46073133583,492.884250474383,835.2763751719,45.7530146664699,65.3292336805742,229.827555312127,0.267402135777915,0.001054,0.403,20.89375,8.25,24.93,93.28,99.82275,53.06,118.17,0.1,4.2,4.2,1.6,11,1,32,32,611.1,0.06,0.009
2022-02-11,3865.71235858169,658.254269449715,822.344828605215,45.7427519998222,310.8639636729,179.534374608877,0.246502737670147,0.001054,0.403,20.89375,8.25,24.93,93.28,99.82275,53.06,118.17,0.1,4.2,4.2,1.6,11,1,32,32,611.1,0.06,0.009
2022-02-12,6396.80434335551,697.53320683112,758.078830757294,43.2477706741995,174.361944342023,193.750852894436,0.233271609347813,0.001054,0.403,20.89375,8.25,24.93,93.28,99.82275,53.06,118.17,0.1,4.2,4.2,1.6,11,1,32,32,611.1,0.06,0.009
2022-02-13,6067.48204435798,700.379506641366,756.462282151736,43.0186759407477,228.217730600776,192.269899732917,0.235103382865836,0.001054,0.403,20.89375,8.25,24.93,93.28,99.82275,53.06,118.17,0.1,4.2,4.2,1.6,11,1,32,32,611.1,0.06,0.009
2022-02-14,6173.95169806391,619.259962049336,794.574671079516,46.0256560247476,58.7510333509107,238.410856128089,0.261867862350507,0.001054,0.403,20.89375,8.25,24.93,93.28,99.82275,53.06,118.17,0.1,4.2,4.2,1.6,11,1,32,32,611.1,0.06,0.009
2022-02-15,2604.03262112068,423.434535104364,748.068044112701,45.9281790232022,366.33631355249,173.996470845557,118.582129254272,0.001054,0.403,20.89375,8.25,24.93,93.28,99.82275,53.06,118.17,0.1,4.2,4.2,1.6,11,1,32,32,611.1,0.06,0.009
2022-02-16,613.387568065834,511.57495256167,788.740985989691,46.304950269192,319.109423554974,182.05863732546,200.120368749808,0.001054,0.403,20.89375,8.25,24.93,93.28,99.82275,53.06,118.17,0.1,4.2,4.2,1.6,11,1,32,32,611.1,0.06,0.009
2022-02-17,3252.57733666001,721.726755218216,838.040969021954,46.779152647513,296.364365909465,183.448049863787,194.288043609594,0.001054,0.403,20.89375,8.25,24.93,93.28,99.82275,53.06,118.17,0.1,4.2,4.2,1.6,11,1,32,32,611.1,0.06,0.009
2022-02-18,2865.46309586194,607.495256166983,778.319165919797,46.4031608253611,299.72510101092,184.90233311925,203.786437565982,0.001054,0.403,20.89375,8.25,24.93,93.28,99.82275,53.06,118.17,0.1,4.2,4.2,1.6,11,1,32,32,611.1,0.06,0.009
2022-02-19,3359.40291665178,607.874762808349,670.978715763211,43.6319404440379,304.201579411519,176.311466015043,212.533704932832,0.001054,0.403,20.89375,8.25,24.93,93.28,99.82275,53.06,118.17,0.1,4.2,4.2,1.6,11,1,32,32,611.1,0.06,0.009
2022-02-20,1033.03681281819,396.869070208729,671.303846299693,41.9000342805868,303.806813919604,164.774619175458,195.173022824808,0.001054,0.403,20.89375,8.25,24.93,93.28,99.82275,53.06,118.17,0.1,4.2,4.2,1.6,11,1,32,32,611.1,0.06,0.009
2022-02-21,2170.97934362986,451.992409867173,738.414279635585,45.9029600727607,365.135383155465,146.977558539243,79.9628445826671,0.001054,0.403,20.89375,8.25,24.93,93.28,99.82275,53.06,118.17,0.1,4.2,4.2,1.6,11,1,32,32,611.1,0.06,0.009
2022-02-22,4922.84034131598,696.96394686907,732.825746084619,47.4230984146699,374.848111811263,147.660179156691,0.214359211538711,0.001054,0.403,20.89375,8.25,24.93,93.28,99.82275,53.06,118.17,0.1,4.2,4.2,1.6,11,1,32,32,611.1,0.06,0.009
2022-02-23,6384.97845770977,676.18595825427,738.132353500328,46.7871633119459,302.65284832897,171.88586887573,0.259729090168812,0.001054,0.403,20.89375,8.25,24.93,93.28,99.82275,53.06,118.17,0.1,4.2,4.2,1.6,11,1,32,32,611.1,0.06,0.009
2022-02-24,5721.42818336053,690.702087286527,749.667186830439,46.4813332757254,330.604694726351,153.875549954862,0.279200292750438,0.001054,0.403,20.89375,8.25,24.93,93.28,99.82275,53.06,118.17,0.1,4.2,4.2,1.6,11,1,32,32,611.1,0.06,0.009
2022-02-25,6152.37590848968,707.115749525617,722.795988969876,45.8163262433945,226.957086920676,174.054318392278,0.27577868850496,0.001054,0.403,20.89375,8.25,24.93,93.28,99.82275,53.06,118.17,0.1,4.2,4.2,1.6,11,1,32,32,611.1,0.06,0.009
2022-02-26,6231.98553779988,556.166982922201,650.883235117658,41.9613319528412,10.8417552631076,229.068081449674,0.258012150437598,0.001054,0.403,20.89375,8.25,24.93,93.28,99.82275,53.06,118.17,0.1,4.2,4.2,1.6,11,1,32,32,611.1,0.06,0.009
2022-02-27,4350.0057577164,457.969639468691,645.889058404447,40.3224252298927,200.151987779571,195.783008699283,0.235112816770989,0.001054,0.403,20.89375,8.25,24.93,93.28,99.82275,53.06,118.17,0.1,4.2,4.2,1.6,11,1,32,32,611.1,0.06,0.009
2022-02-28,2999.25516433826,409.867172675522,751.07729656742,44.4650361630083,274.93013083735,181.225467371051,0.231452616181792,0.001054,0.403,20.89375,8.25,24.93,93.28,99.82275,53.06,118.17,0.1,4.2,4.2,1.6,11,1,32,32,611.1,0.06,0.009
2022-03-01,2643.50163538629,400.759013282732,761.946767994624,45.2183222317493,277.134455257593,165.293754516371,0.260689890878675,0.001054,0.403,20.89375,8.25,24.93,93.28,99.82275,53.06,118.17,0.1,4.2,4.2,1.6,11,1,32,32,611.1,0.06,0.009
2022-03-02,2700.22843907698,437.096774193548,772.428743791814,46.6743245147444,316.572668231443,142.887179580427,0.222251433923964,0.001054,0.403,20.89375,8.25,24.93,93.28,99.82275,53.06,118.17,0.1,4.2,4.2,1.6,11,1,32,32,611.1,0.06,0.009
2022-03-03,2609.76327798913,551.707779886148,754.294495551301,47.0691553343817,173.786128906538,232.690262125239,132.117348470778,0.001054,0.403,20.89375,8.25,24.93,93.28,99.82275,53.06,118.17,0.1,4.2,4.2,1.6,11,1,32,32,611.1,0.06,0.009
2022-03-04,1805.80766387611,409.77229601518,737.113992776543,46.4862679613503,268.876552584599,168.466151871794,196.924594581052,0.001054,0.403,20.89375,8.25,24.93,93.28,99.82275,53.06,118.17,0.1,4.2,4.2,1.6,11,1,32,32,611.1,0.06,0.009
2022-03-05,258.845381195603,376.470588235294,719.001067383237,42.8269698704554,243.14219946961,140.333242795021,204.729033857352,0.001054,0.403,20.89375,8.25,24.93,93.28,99.82275,53.06,118.17,0.1,4.2,4.2,1.6,11,1,32,32,611.1,0.06,0.009
2022-03-06,1840.37354839602,505.123339658444,659.496036315912,42.6059684731252,160.310137393036,197.31282730712,213.293932177034,0.001054,0.403,20.89375,8.25,24.93,93.28,99.82275,53.06,118.17,0.1,4.2,4.2,1.6,11,1,32,32,611.1,0.06,0.009
2022-03-07,3056.19186696545,665.464895635674,743.332762674228,46.7359177049476,65.8428137558657,231.137289347385,194.455159644403,0.001054,0.403,20.89375,8.25,24.93,93.28,99.82275,53.06,118.17,0.1,4.2,4.2,1.6,11,1,32,32,611.1,0.06,0.009
2022-03-08,3775.75063784301,565.654648956357,753.110346975088,42.0568928489972,345.86142963854,183.101886447311,63.5319060667935,0.001054,0.403,20.89375,8.25,24.93,93.28,99.82275,53.06,118.17,0.1,4.2,4.2,1.6,11,1,32,32,611.1,0.06,0.009
2022-03-09,4526.80740464021,684.819734345351,748.826015233184,46.0936775293918,352.911993043088,171.120804646875,0.308172387878024,0.001054,0.403,20.89375,8.25,24.93,93.28,99.82275,53.06,118.17,0.1,4.2,4.2,1.6,11,1,32,32,611.1,0.06,0.009
2022-03-10,5538.04143940049,694.117647058824,750.036436049667,42.3348878381344,352.843652786714,172.223140401345,0.258366478969709,0.001054,0.403,20.89375,8.25,24.93,93.28,99.82275,53.06,118.17,0.1,4.2,4.2,1.6,11,1,32,32,611.1,0.06,0.009
2022-03-11,5625.18103499484,805.123339658444,733.49059355354,46.4766289022954,336.478487458811,168.550962789826,0.345554790718955,0.001054,0.403,20.89375,8.25,24.93,93.28,99.82275,53.06,118.17,0.1,4.2,4.2,1.6,11,1,32,32,611.1,0.06,0.009
2022-03-12,6586.02040031457,602.277039848197,654.351544425976,42.9786311413021,104.151327407903,211.72485641971,0.249666836101148,0.001054,0.403,20.89375,8.25,24.93,93.28,99.82275,53.06,118.17,0.1,4.2,4.2,1.6,11,1,32,32,611.1,0.06,0.009
2022-03-13,4326.58331150766,397.628083491461,617.155779144792,39.4593640450813,6.00151429774664,223.021838027939,0.212904713785912,0.001054,0.403,20.89375,8.25,24.93,93.28,99.82275,53.06,118.17,0.1,4.2,4.2,1.6,11,1,32,32,611.1,0.06,0.009
2022-03-14,2756.62773687338,399.335863377609,739.957101279786,45.9868283966693,216.22527659934,181.147547156402,0.205756004807258,0.001054,0.403,20.89375,8.25,24.93,93.28,99.82275,53.06,118.17,0.1,4.2,4.2,1.6,11,1,32,32,611.1,0.06,0.009
2022-03-15,3390.17854729244,390.22770398482,741.361587559202,45.8543779921137,64.7671929693363,215.67547416922,0.253240130625055,0.001054,0.403,20.89375,8.25,24.93,93.28,99.82275,53.06,118.17,0.1,4.2,4.2,1.6,11,1,32,32,611.1,0.06,0.009
2022-03-16,2235.24735345771,350.569259962049,797.921861678722,46.9788267087191,217.4634770242,166.830836412207,0.216048014561208,0.001054,0.403,20.89375,8.25,24.93,93.28,99.82275,53.06,118.17,0.1,4.2,4.2,1.6,11,1,32,32,611.1,0.06,0.009
2022-03-17,1755.82360027605,388.330170777989,776.256496738683,45.6884320120715,324.700872429409,156.106267405941,0.209794257832426,0.001054,0.403,20.89375,8.25,24.93,93.28,99.82275,53.06,118.17,0.1,4.2,4.2,1.6,11,1,32,32,611.1,0.06,0.009
2022-03-18,3163.23887491779,472.865275142315,697.2126772322,45.4680085645842,300.79193143567,151.860097318276,0.283202689350702,0.001054,0.403,20.89375,8.25,24.93,93.28,99.82275,53.06,118.17,0.1,4.2,4.2,1.6,11,1,32,32,611.1,0.06,0.009
2022-03-19,3762.94517001624,430.360531309298,657.604035862676,42.500060187414,29.5442599786753,229.930736197755,0.247286076980923,0.001054,0.403,20.89375,8.25,24.93,93.28,99.82275,53.06,118.17,0.1,4.2,4.2,1.6,11,1,32,32,611.1,0.06,0.009
2022-03-20,2884.09590313425,338.330170777989,707.711225994758,41.5149376958231,17.3623441258717,245.652953389813,0.277004395419604,0.001054,0.403,20.89375,8.25,24.93,93.28,99.82275,53.06,118.17,0.1,4.2,4.2,1.6,11,1,32,32,611.1,0.06,0.009
2022-03-21,2032.48217695469,352.941176470588,876.333059620606,47.0737662948238,64.4180460939486,232.376859416339,0.281569422679815,0.001054,0.403,20.89375,8.25,24.93,93.28,99.82275,53.06,118.17,0.1,4.2,4.2,1.6,11,1,32,32,611.1,0.06,0.009
2022-03-22,1945.93170330247,377.134724857685,829.505995580988,45.9253935123758,311.732763459945,149.838115416637,0.236120519696483,0.001054,0.403,20.89375,8.25,24.93,93.28,99.82275,53.06,118.17,0.1,4.2,4.2,1.6,11,1,32,32,611.1,0.06,0.009
2022-03-23,2528.77879009266,452.846299810247,772.198475824937,45.1485310942578,349.764857453085,164.517939535356,0.231950304429741,0.001054,0.403,20.89375,8.25,24.93,93.28,99.82275,53.06,118.17,0.1,4.2,4.2,1.6,11,1,32,32,611.1,0.06,0.009
2022-03-24,3378.84172582064,436.717267552182,765.692376544559,45.1503262402777,269.130829363376,194.621102366332,0.261685980002577,0.001054,0.403,20.89375,8.25,24.93,93.28,99.82275,53.06,118.17,0.1,4.2,4.2,1.6,11,1,32,32,611.1,0.06,0.009
2022-03-25,3963.05401612752,490.607210626186,750.077010821564,44.1940576860579,28.7859486805417,257.637875575237,0.257417889402313,0.001054,0.403,20.89375,8.25,24.93,93.28,99.82275,53.06,118.17,0.1,4.2,4.2,1.6,11,1,32,32,611.1,0.06,0.009
2022-03-26,5039.17872901824,542.125237191651,678.367513232596,41.1790320845399,4.93737527466309,256.173716460995,0.256925055584363,0.001054,0.403,20.89375,8.25,24.93,93.28,99.82275,53.06,118.17,0.1,4.2,4.2,1.6,11,1,32,32,611.1,0.06,0.009
2022-03-27,5268.40843600291,533.206831119545,678.897015484609,40.523358463804,0,248.901531160674,0.267863814154815,0.001054,0.403,20.89375,8.25,24.93,93.28,99.82275,53.06,118.17,0.1,4.2,4.2,1.6,11,1,32,32,611.1,0.06,0.009
2022-03-28,4908.29090948229,526.944971537002,769.664922520903,44.6056089198136,82.1244652767035,225.666400385767,0.253582617337322,0.001054,0.403,20.89375,8.25,24.93,93.28,99.82275,53.06,118.17,0.1,4.2,4.2,1.6,11,1,32,32,611.1,0.06,0.009
2022-03-29,5013.12722174983,454.174573055028,767.120405421526,45.04143350943,196.525617270206,95.5828365162887,0.22591868798097,0.001054,0.403,20.89375,8.25,24.93,93.28,99.82275,53.06,118.17,0.1,4.2,4.2,1.6,11,1,32,32,611.1,0.06,0.009
2022-03-30,6278.80252450068,454.743833017078,755.090886091047,45.0060442752913,0,0,0.237916420896529,0.001054,0.403,20.89375,8.25,24.93,93.28,99.82275,53.06,118.17,0.1,4.2,4.2,1.6,11,1,32,32,611.1,0.06,0.009
2022-03-31,7308.4552638735,511.764705882353,732.656051697216,44.5233043731486,0,0,0.242986432004473,0.001054,0.403,20.89375,8.25,24.93,93.28,99.82275,53.06,118.17,0.1,4.2,4.2,1.6,11,1,32,32,611.1,0.06,0.009
2022-04-01,6783.77019417412,441.840607210626,738.82149120235,44.2867117416275,0,0,0.236623746045525,0.001054,0.403,20.89375,8.25,24.93,93.28,99.82275,53.06,118.17,0.1,4.2,4.2,1.6,11,1,32,32,611.1,0.06,0.009
2022-04-02,6274.27868426936,418.026565464896,664.125148990599,40.9213241496184,0,0,0.244171286429195,0.001054,0.403,20.89375,8.25,24.93,93.28,99.82275,53.06,118.17,0.1,4.2,4.2,1.6,11,1,32,32,611.1,0.06,0.009
2022-04-03,6132.25168710623,377.988614800759,674.729741680929,40.2462902833045,0,0,0.275244998106618,0.001054,0.403,20.89375,8.25,24.93,93.28,99.82275,53.06,118.17,0.1,4.2,4.2,1.6,11,1,32,32,611.1,0.06,0.009
2022-04-04,6367.71440995466,421.062618595825,748.557008836162,44.7505482341412,0,0,0.328603398785857,0.001054,0.403,20.89375,8.25,24.93,93.28,99.82275,53.06,118.17,0.1,4.2,4.2,1.6,11,1,32,32,611.1,0.06,0.009
2022-04-05,6208.67892447806,357.115749525617,760.920951549522,44.9850297078847,0,0,0.269127247735049,0.001054,0.403,20.89375,8.25,24.93,93.28,99.82275,53.06,118.17,0.1,4.2,4.2,1.6,11,1,32,32,611.1,0.06,0.009
2022-04-06,6139.70648515837,400.094876660342,748.916707135352,45.8136196108568,0,0,0.194300321364593,0.001054,0.403,20.89375,8.25,24.93,93.28,99.82275,53.06,118.17,0.1,4.2,4.2,1.6,11,1,32,32,611.1,0.06,0.009
2022-04-07,6764.42023887176,444.022770398482,744.686648915229,45.2854607053227,0,0,0.249435537150329,0.001054,0.403,20.89375,8.25,24.93,93.28,99.82275,53.06,118.17,0.1,4.2,4.2,1.6,11,1,32,32,611.1,0.06,0.009
2022-04-08,7093.43110474861,460.721062618596,726.205465718506,44.6599752141597,0,0,0.234473365308974,0.001054,0.403,20.89375,8.25,24.93,93.28,99.82275,53.06,118.17,0.1,4.2,4.2,1.6,11,1,32,32,611.1,0.06,0.009
2022-04-09,6243.76741042196,372.106261859583,672.152885101545,40.9443135632358,0,0,0.279673294919831,0.001054,0.403,20.89375,8.25,24.93,93.28,99.82275,53.06,118.17,0.1,4.2,4.2,1.6,11,1,32,32,611.1,0.06,0.009
2022-04-10,5245.84086383487,318.975332068311,725.421565519744,41.3795006216818,0,0,0.233125992523525,0.001054,0.403,20.89375,8.25,24.93,93.28,99.82275,53.06,118.17,0.1,4.2,4.2,1.6,11,1,32,32,611.1,0.06,0.009
2022-04-11,5772.63052470918,344.971537001898,763.956976806469,45.447417815775,0,0,0.250983834063122,0.001054,0.403,20.89375,8.25,24.93,93.28,99.82275,53.06,118.17,0.1,4.2,4.2,1.6,11,1,32,32,611.1,0.06,0.009
2022-04-12,5911.68420200932,272.296015180266,803.165156315145,47.2923329283617,0,0,0.239786244127919,0.001054,0.403,20.89375,8.25,24.93,93.28,99.82275,53.06,118.17,0.1,4.2,4.2,1.6,11,1,32,32,611.1,0.06,0.009
2022-04-13,6016.04800155456,431.309297912713,797.052587634066,45.4970468714484,0,0,0.259744066735239,0.001054,0.403,20.89375,8.25,24.93,93.28,99.82275,53.06,118.17,0.1,4.2,4.2,1.6,11,1,32,32,611.1,0.06,0.009
2022-04-14,6627.017,432.163187855787,757.450673965681,43.5974575319123,0,0,0.263299989034845,0.001054,0.403,20.89375,8.25,24.93,93.28,99.82275,53.06,118.17,0.1,4.2,4.2,1.6,11,1,32,32,611.1,0.06,0.009
2022-04-15,6510.59894828492,460.436432637571,752.498125352733,43.1975125293183,0,0,0.238939387111611,0.001054,0.403,20.89375,8.25,24.93,93.28,99.82275,53.06,118.17,0.1,4.2,4.2,1.6,11,1,32,32,611.1,0.06,0.009
2022-04-16,6578.77502056961,451.518026565465,669.634374138332,40.1165363863568,0,0,0.319585804332622,0.001054,0.403,20.89375,8.25,24.93,93.28,99.82275,53.06,118.17,0.1,4.2,4.2,1.6,11,1,32,32,611.1,0.06,0.009
2022-04-17,6656.12014379722,428.937381404175,668.174393976643,39.4004811632086,0,0,0.241519897952722,0.001054,0.403,20.89375,8.25,24.93,93.28,99.82275,53.06,118.17,0.1,4.2,4.2,1.6,11,1,32,32,611.1,0.06,0.009
2022-04-18,6959.93361745641,491.271347248577,751.13354818931,43.3343499544602,0,0,0.23415411311552,0.001054,0.403,20.89375,8.25,24.93,93.28,99.82275,53.06,118.17,0.1,4.2,4.2,1.6,11,1,32,32,611.1,0.06,0.009
2022-04-19,6782.72386539999,387.476280834915,760.510887898961,44.1465307639355,0,0,0.24866687763426,0.001054,0.403,20.89375,8.25,24.93,93.28,99.82275,53.06,118.17,0.1,4.2,4.2,1.6,11,1,32,32,611.1,0.06,0.009
2022-04-20,6457.74121213276,346.204933586338,752.716751430103,44.452999786173,0,0,0.22242048189265,0.001054,0.403,20.89375,8.25,24.93,93.28,99.82275,53.06,118.17,0.1,4.2,4.2,1.6,11,1,32,32,611.1,0.06,0.009
2022-04-21,6147.56689970972,305.597722960152,801.260359622299,46.2779163432641,0,0,0.236782258874648,0.001054,0.403,20.89375,8.25,24.93,93.28,99.82275,53.06,118.17,0.1,4.2,4.2,1.6,11,1,32,32,611.1,0.06,0.009
2022-04-22,5980.77758997672,289.127134724858,833.056718161782,47.2517525152804,0,0,0.269595592026393,0.001054,0.403,20.89375,8.25,24.93,93.28,99.82275,53.06,118.17,0.1,4.2,4.2,1.6,11,1,32,32,611.1,0.06,0.009
2022-04-23,5426.84831463827,263.567362428843,847.314865001198,47.4729592773015,0,0,0.275472702769558,0.001054,0.403,20.89375,8.25,24.93,93.28,99.82275,53.06,118.17,0.1,4.2,4.2,1.6,11,1,32,32,611.1,0.06,0.009
2022-04-24,5649.34752684634,310.910815939279,715.393354156985,42.2984534965053,0,0,0.255013912901658,0.001054,0.403,20.89375,8.25,24.93,93.28,99.82275,53.06,118.17,0.1,4.2,4.2,1.6,11,1,32,32,611.1,0.06,0.009
2022-04-25,7233.23995818007,453.415559772296,724.491117355426,45.1643665026162,0,0,0.203447506443585,0.001054,0.403,20.89375,8.25,24.93,93.28,99.82275,53.06,118.17,0.1,4.2,4.2,1.6,11,1,32,32,611.1,0.06,0.009
2022-04-26,7170.29790505761,410.34155597723,776.88246542035,45.6848821539588,0,0,0.2499266698884,0.001054,0.403,20.89375,8.25,24.93,93.28,99.82275,53.06,118.17,0.1,4.2,4.2,1.6,11,1,32,32,611.1,0.06,0.009
2022-04-27,6494.73113257086,430.170777988615,809.608488423205,34.7983201320595,0,0,0.214165568144535,0.001054,0.403,20.89375,8.25,24.93,93.28,99.82275,53.06,118.17,0.1,4.2,4.2,1.6,11,1,32,32,611.1,0.06,0.009
2022-04-28,5110.74511285122,296.96394686907,824.085361852948,45.4405213109691,0,133.601462070332,0.232862223701527,0.001054,0.403,20.89375,8.25,24.93,93.28,99.82275,53.06,118.17,0.1,4.2,4.2,1.6,11,1,32,32,611.1,0.06,0.009
2022-04-29,3220.04889791054,292.504743833017,829.72826116719,45.7193296452276,0,256.579727817334,0.212259755587722,0.001054,0.403,20.89375,8.25,24.93,93.28,99.82275,53.06,118.17,0.1,4.2,4.2,1.6,11,1,32,32,611.1,0.06,0.009
2022-04-30,3095.66617460371,294.022770398482,761.428349125344,42.0823197562313,0,259.219256775191,0.254265322692852,0.001054,0.403,20.89375,8.25,24.93,93.28,99.82275,53.06,118.17,0.1,4.2,4.2,1.6,11,1,32,32,611.1,0.06,0.009
2022-05-01,3557.67860303251,324.425287356322,734.928097209156,40.4413723603993,20.3762577968005,254.061161893032,0.276066053069356,0.001044,0.403,20.89375,8.25,24.93,93.28,99.82275,53.06,118.17,0.1,4.2,4.2,1.6,11,1,32,32,611.1,0.06,0.009
2022-05-02,2376.03771497389,331.130268199234,848.735548486568,44.4227924565151,384.415909585816,153.140054613531,0.260315798087516,0.001044,0.403,20.89375,8.25,24.93,93.28,99.82275,53.06,118.17,0.1,4.2,4.2,1.6,11,1,32,32,611.1,0.06,0.009
2022-05-03,2882.75952232774,352.490421455939,808.358764670422,44.2881195836686,274.927832693522,192.840946160826,0.236755640066665,0.001044,0.403,20.89375,8.25,24.93,93.28,99.82275,53.06,118.17,0.1,4.2,4.2,1.6,11,1,32,32,611.1,0.06,0.009
2022-05-04,3121.48982840886,305.36398467433,781.036791913241,45.2049420573867,0,308.84281283452,0.236980788907419,0.001044,0.403,20.89375,8.25,24.93,93.28,99.82275,53.06,118.17,0.1,4.2,4.2,1.6,11,1,32,32,611.1,0.06,0.009
2022-05-05,2435.55604282213,305.747126436782,796.391392901318,46.1786347036637,0,343.40122975713,0.236805576420745,0.001044,0.403,20.89375,8.25,24.93,93.28,99.82275,53.06,118.17,0.1,4.2,4.2,1.6,11,1,32,32,611.1,0.06,0.009
2022-05-06,2679.63051115259,304.980842911877,833.94488472986,45.9052685599895,0,279.96561586869,0.220499883545763,0.001044,0.403,20.89375,8.25,24.93,93.28,99.82275,53.06,118.17,0.1,4.2,4.2,1.6,11,1,32,32,611.1,0.06,0.009
2022-05-07,1960.12425069696,269.061302681992,757.264896543226,44.6461384847566,0,333.298289359594,0.282788300620189,0.001044,0.403,20.89375,8.25,24.93,93.28,99.82275,53.06,118.17,0.1,4.2,4.2,1.6,11,1,32,32,611.1,0.06,0.009
2022-05-08,2076.51940921456,254.693486590038,750.307421160704,43.3969693043089,0,309.801094995935,0.244308312137848,0.001044,0.403,20.89375,8.25,24.93,93.28,99.82275,53.06,118.17,0.1,4.2,4.2,1.6,11,1,32,32,611.1,0.06,0.009
2022-05-09,2835.49870681387,269.92337164751,960.924541064537,50.7076936744636,0,338.911947963654,0.233774522115103,0.001044,0.403,20.89375,8.25,24.93,93.28,99.82275,53.06,118.17,0.1,4.2,4.2,1.6,11,1,32,32,611.1,0.06,0.009
2022-05-10,3685.96767251541,223.467432950192,1090.06046911213,65.5336430994311,0,336.194894284302,0.209329567727188,0.001044,0.403,20.89375,8.25,24.93,93.28,99.82275,53.06,118.17,0.1,4.2,4.2,1.6,11,1,32,32,611.1,0.06,0.009
2022-05-11,3791.6084513721,218.965517241379,1142.40850293239,70.2869512037227,0,316.050465780435,0.217074065980908,0.001044,0.403,20.89375,8.25,24.93,93.28,99.82275,53.06,118.17,0.1,4.2,4.2,1.6,11,1,32,32,611.1,0.06,0.009
2022-05-12,2905.74310641309,221.360153256705,1116.17803350589,68.1915775087289,0,367.719306327035,0.185508407211837,0.001044,0.403,20.89375,8.25,24.93,93.28,99.82275,53.06,118.17,0.1,4.2,4.2,1.6,11,1,32,32,611.1,0.06,0.009
2022-05-13,2782.97560396044,233.716475095785,946.768087033963,57.6739684662814,0.749541066275255,342.881814809504,0.230206861721736,0.001044,0.403,20.89375,8.25,24.93,93.28,99.82275,53.06,118.17,0.1,4.2,4.2,1.6,11,1,32,32,611.1,0.06,0.009
2022-05-14,3251.49731081775,216.954022988506,774.228227933254,50.7691309378857,7.50585638368798,289.169718590729,0.238090083647314,0.001044,0.403,20.89375,8.25,24.93,93.28,99.82275,53.06,118.17,0.1,4.2,4.2,1.6,11,1,32,32,611.1,0.06,0.009
2022-05-15,2618.27552289153,237.164750957854,716.064312147428,47.5655870179746,15.5656504760713,305.249270194137,0.214802028253447,0.001044,0.403,20.89375,8.25,24.93,93.28,99.82275,53.06,118.17,0.1,4.2,4.2,1.6,11,1,32,32,611.1,0.06,0.009
2022-05-16,2168.35266697412,251.340996168582,770.794874063007,50.7103664362455,149.311675879145,255.912464472883,86.3775076362705,0.001044,0.403,20.89375,8.25,24.93,93.28,99.82275,53.06,118.17,0.1,4.2,4.2,1.6,11,1,32,32,611.1,0.06,0.009
2022-05-17,317.356251520221,247.222222222222,753.380390337173,49.2926783966244,463.377444915244,131.794042659533,182.809415897252,0.001044,0.403,20.89375,8.25,24.93,93.28,99.82275,53.06,118.17,0.1,4.2,4.2,1.6,11,1,32,32,611.1,0.06,0.009
2022-05-18,8.55153147966139,274.329501915709,791.182265609043,50.4574191763972,477.586272154584,136.98165434827,205.763331799655,0.001044,0.403,20.89375,8.25,24.93,93.28,99.82275,53.06,118.17,0.1,4.2,4.2,1.6,11,1,32,32,611.1,0.06,0.009
2022-05-19,237.945500418887,543.390804597701,901.409176633307,33.7650416609192,442.028211766046,143.89057668022,212.816872865095,0.001044,0.403,20.89375,8.25,24.93,93.28,99.82275,53.06,118.17,0.1,4.2,4.2,1.6,11,1,32,32,611.1,0.06,0.009
2022-05-20,54.7037791680779,515.996168582376,861.035119297134,22.8982902743695,454.809297030533,133.603699182478,195.063771571835,0.001044,0.403,20.89375,8.25,24.93,93.28,99.82275,53.06,118.17,0.1,4.2,4.2,1.6,11,1,32,32,611.1,0.06,0.009
2022-05-21,9.89501876252831,286.781609195402,662.534511431539,29.2555797190652,469.189824850662,136.53962168753,168.494473352756,0.001044,0.403,20.89375,8.25,24.93,93.28,99.82275,53.06,118.17,0.1,4.2,4.2,1.6,11,1,32,32,611.1,0.06,0.009
2022-05-22,17.6516905968416,281.800766283525,708.499840802004,41.0092953840461,322.837221347609,156.940794038743,179.281852867837,0.001044,0.403,20.89375,8.25,24.93,93.28,99.82275,53.06,118.17,0.1,4.2,4.2,1.6,11,1,32,32,611.1,0.06,0.009
2022-05-23,29.7337419072481,354.501915708812,800.459371206523,33.7435111710868,251.84894610718,167.647390605249,201.197280561684,0.001044,0.403,20.89375,8.25,24.93,93.28,99.82275,53.06,118.17,0.1,4.2,4.2,1.6,11,1,32,32,611.1,0.06,0.009
2022-05-24,16.2831410681008,307.375478927203,815.576375439917,41.289035198828,279.664366597368,143.162599138522,196.701455821195,0.001044,0.403,20.89375,8.25,24.93,93.28,99.82275,53.06,118.17,0.1,4.2,4.2,1.6,11,1,32,32,611.1,0.06,0.009
2022-05-25,1675.79864670115,440.996168582375,862.491949779686,37.3308567278127,246.828762938301,230.468667403562,49.5279442559363,0.001044,0.403,20.89375,8.25,24.93,93.28,99.82275,53.06,118.17,0.1,4.2,4.2,1.6,11,1,32,32,611.1,0.06,0.009
2022-05-26,3213.95451416745,450.862068965517,850.105929920682,28.9595518470783,2.48790594674264,325.578104957375,0.24040649293826,0.001044,0.403,20.89375,8.25,24.93,93.28,99.82275,53.06,118.17,0.1,4.2,4.2,1.6,11,1,32,32,611.1,0.06,0.009
2022-05-27,3227.75735348613,442.816091954023,756.018160911906,24.7339437996144,0,311.260772069691,0.238931423555831,0.001044,0.403,20.89375,8.25,24.93,93.28,99.82275,53.06,118.17,0.1,4.2,4.2,1.6,11,1,32,32,611.1,0.06,0.009
2022-05-28,3649.71208394082,414.846743295019,739.913509743448,22.181404039275,0,253.635941131044,0.20440420078922,0.001044,0.403,20.89375,8.25,24.93,93.28,99.82275,53.06,118.17,0.1,4.2,4.2,1.6,11,1,32,32,611.1,0.06,0.009
2022-05-29,4055.54177456847,407.375478927203,799.59797057989,26.3132667404995,0,252.692355375972,0.234910967189139,0.001044,0.403,20.89375,8.25,24.93,93.28,99.82275,53.06,118.17,0.1,4.2,4.2,1.6,11,1,32,32,611.1,0.06,0.009
2022-05-30,4112.58372009008,412.068965517241,832.124970268053,28.3131804146305,0,244.591690801279,0.230822710877794,0.001044,0.403,20.89375,8.25,24.93,93.28,99.82275,53.06,118.17,0.1,4.2,4.2,1.6,11,1,32,32,611.1,0.06,0.009
2022-05-31,3409.4986626771,455.938697318008,916.768812531962,32.3695757172296,0,334.599742284056,0.18283599854374,0.001044,0.403,20.89375,8.25,24.93,93.28,99.82275,53.06,118.17,0.1,4.2,4.2,1.6,11,1,32,32,611.1,0.06,0.009
2022-06-01,2043.51415953658,488.857142857143,828.855212550075,28.2808388808459,0,380.367971639323,0.193025697022051,0.00105,0.14,20.89375,8.25,24.93,93.28,99.82275,53.06,118.17,0.1,4.2,4.2,1.6,11,1,32,32,611.1,0.06,0.009
2022-06-02,2077.88603786826,473.904761904762,826.032939814267,26.8659408077117,0,356.215797648617,0.233582997883406,0.00105,0.14,20.89375,8.25,24.93,93.28,99.82275,53.06,118.17,0.1,4.2,4.2,1.6,11,1,32,32,611.1,0.06,0.009
2022-06-03,2099.31111807405,474.47619047619,814.010400616832,28.1006388852182,122.532572027246,286.089390807045,0.177670906403909,0.00105,0.14,20.89375,8.25,24.93,93.28,99.82275,53.06,118.17,0.1,4.2,4.2,1.6,11,1,32,32,611.1,0.06,0.009
2022-06-04,1892.44634459815,248.761904761905,724.117667432472,38.8805591835479,311.811960198221,175.875713898372,0.244317031855598,0.00105,0.14,20.89375,8.25,24.93,93.28,99.82275,53.06,118.17,0.1,4.2,4.2,1.6,11,1,32,32,611.1,0.06,0.009
2022-06-05,2052.4274238411,261.333333333333,777.900509993235,49.4832283888895,15.0282880742085,345.24240504272,0.252079366327613,0.00105,0.14,20.89375,8.25,24.93,93.28,99.82275,53.06,118.17,0.1,4.2,4.2,1.6,11,1,32,32,611.1,0.06,0.009
2022-06-06,2171.75171487341,473.428571428571,977.601616310161,40.9082041729735,116.24672960442,289.739323551891,0.264141345998486,0.00105,0.14,20.89375,8.25,24.93,93.28,99.82275,53.06,118.17,0.1,4.2,4.2,1.6,11,1,32,32,611.1,0.06,0.009
2022-06-07,2080.42901364273,456.285714285714,892.691793952182,29.8946986754416,396.535939089756,138.138090013975,0.2163033748847,0.00105,0.14,20.89375,8.25,24.93,93.28,99.82275,53.06,118.17,0.1,4.2,4.2,1.6,11,1,32,32,611.1,0.06,0.009
2022-06-08,749.875846132533,468.190476190476,886.854620380762,29.8269121728777,404.212940926555,130.882514031205,117.854118711579,0.00105,0.14,20.89375,8.25,24.93,93.28,99.82275,53.06,118.17,0.1,4.2,4.2,1.6,11,1,32,32,611.1,0.06,0.009
2022-06-09,39.2737275122821,507.904761904762,853.201418907158,27.9566184238123,127.696291303858,270.413282090119,205.296370245185,0.00105,0.14,20.89375,8.25,24.93,93.28,99.82275,53.06,118.17,0.1,4.2,4.2,1.6,11,1,32,32,611.1,0.06,0.009
2022-06-10,13.9984538934462,522.47619047619,892.3579531945,28.3761957512413,0,343.844802353867,233.858795985161,0.00105,0.14,20.89375,8.25,24.93,93.28,99.82275,53.06,118.17,0.1,4.2,4.2,1.6,11,1,32,32,611.1,0.06,0.009
2022-06-11,9.62040011658847,322,844.477506108361,39.1279079467008,0,346.606174713408,229.399740815131,0.00105,0.14,20.89375,8.25,24.93,93.28,99.82275,53.06,118.17,0.1,4.2,4.2,1.6,11,1,32,32,611.1,0.06,0.009
2022-06-12,2346.49071706818,314.095238095238,934.447117446605,55.5621066082182,0,351.611242755255,16.255901920947,0.00105,0.14,20.89375,8.25,24.93,93.28,99.82275,53.06,118.17,0.1,4.2,4.2,1.6,11,1,32,32,611.1,0.06,0.009
2022-06-13,2816.1001094293,660.857142857143,1101.7521056467,38.5184876362811,347.167494769771,189.15285706841,0.274891046550487,0.00105,0.14,20.89375,8.25,24.93,93.28,99.82275,53.06,118.17,0.1,4.2,4.2,1.6,11,1,32,32,611.1,0.06,0.009
2022-06-14,3052.93482421391,576.47619047619,1103.34313931201,30.0926662887028,446.302220035814,128.329607821731,0.164176160479706,0.00105,0.14,20.89375,8.25,24.93,93.28,99.82275,53.06,118.17,0.1,4.2,4.2,1.6,11,1,32,32,611.1,0.06,0.009
2022-06-15,2611.2811799335,556.380952380952,1117.76098516337,34.5846505831386,466.053992882272,135.641603373826,0.180610922955654,0.00105,0.14,20.89375,8.25,24.93,93.28,99.82275,53.06,118.17,0.1,4.2,4.2,1.6,11,1,32,32,611.1,0.06,0.009
2022-06-16,2293.00983017326,494.095238095238,1024.95817897708,34.4502742777155,469.513345934144,133.074168813608,0.178554207500126,0.00105,0.14,20.89375,8.25,24.93,93.28,99.82275,53.06,118.17,0.1,4.2,4.2,1.6,11,1,32,32,611.1,0.06,0.009
2022-06-17,2563.82403940336,499.714285714286,945.975626989484,33.560235098841,450.658724739655,129.228101402997,0.205229130452987,0.00105,0.14,20.89375,8.25,24.93,93.28,99.82275,53.06,118.17,0.1,4.2,4.2,1.6,11,1,32,32,611.1,0.06,0.009
2022-06-18,1977.94394459592,487.904761904762,779.223460999239,27.8918366009298,295.253271370348,174.231873804639,70.322204989245,0.00105,0.14,20.89375,8.25,24.93,93.28,99.82275,53.06,118.17,0.1,4.2,4.2,1.6,11,1,32,32,611.1,0.06,0.009
2022-06-19,1874.0072330609,478.761904761905,757.04454403317,25.4129584886947,11.2005831896744,236.285104497136,174.876007459752,0.00105,0.14,20.89375,8.25,24.93,93.28,99.82275,53.06,118.17,0.1,4.2,4.2,1.6,11,1,32,32,611.1,0.06,0.009
2022-06-20,2503.12908522264,530.571428571429,958.981157623262,32.7073816047526,339.317584361076,216.7182072782,0.21064692945109,0.00105,0.14,20.89375,8.25,24.93,93.28,99.82275,53.06,118.17,0.1,4.2,4.2,1.6,11,1,32,32,611.1,0.06,0.009
2022-06-21,2522.93087621178,529.904761904762,1094.47481362682,38.1471307242905,428.57183941595,149.585633583051,0.217527403316337,0.00105,0.14,20.89375,8.25,24.93,93.28,99.82275,53.06,118.17,0.1,4.2,4.2,1.6,11,1,32,32,611.1,0.06,0.009
2022-06-22,2140.87564672255,510.380952380952,973.095178466649,32.1738298605209,466.303140397993,138.147441498039,0.226415663991074,0.00105,0.14,20.89375,8.25,24.93,93.28,99.82275,53.06,118.17,0.1,4.2,4.2,1.6,11,1,32,32,611.1,0.06,0.009
2022-06-23,2375.07078175531,501.52380952381,979.664090772158,36.3851996611424,459.763005083657,140.097961982706,0.200574129779789,0.00105,0.14,20.89375,8.25,24.93,93.28,99.82275,53.06,118.17,0.1,4.2,4.2,1.6,11,1,32,32,611.1,0.06,0.009
2022-06-24,2526.14352230767,510.190476190476,964.939043372068,36.0482307165141,442.496538819515,141.762457051716,0.207296288233487,0.00105,0.14,20.89375,8.25,24.93,93.28,99.82275,53.06,118.17,0.1,4.2,4.2,1.6,11,1,32,32,611.1,0.06,0.009
2022-06-25,2890.4172115545,326.285714285714,898.76129488271,46.2174828936106,239.717195365614,242.376400896331,0.233513544651566,0.00105,0.14,20.89375,8.25,24.93,93.28,99.82275,53.06,118.17,0.1,4.2,4.2,1.6,11,1,32,32,611.1,0.06,0.009
2022-06-26,2701.79761777535,251.714285714286,778.164720464371,50.7722906009883,12.4442437607248,335.142024095416,0.233120155344318,0.00105,0.14,20.89375,8.25,24.93,93.28,99.82275,53.06,118.17,0.1,4.2,4.2,1.6,11,1,32,32,611.1,0.06,0.009
2022-06-27,2707.82532843671,506.761904761905,826.590459343472,35.736481187063,0,367.331347055236,0.252712315691327,0.00105,0.14,20.89375,8.25,24.93,93.28,99.82275,53.06,118.17,0.1,4.2,4.2,1.6,11,1,32,32,611.1,0.06,0.009
2022-06-28,2691.59682335138,506.190476190476,868.836919280381,29.7317160481297,0,376.017570330259,0.215269494039767,0.00105,0.14,20.89375,8.25,24.93,93.28,99.82275,53.06,118.17,0.1,4.2,4.2,1.6,11,1,32,32,611.1,0.06,0.009
2022-06-29,2985.73219702114,523.904761904762,973.289988218843,34.3447600648213,0,360.924003443665,0.229628998456244,0.00105,0.14,20.89375,8.25,24.93,93.28,99.82275,53.06,118.17,0.1,4.2,4.2,1.6,11,1,32,32,611.1,0.06,0.009
2022-06-30,2982.24661699979,523.047619047619,981.690847768389,32.7160738581381,0,344.811436669842,0.208185537869239,0.00105,0.14,20.89375,8.25,24.93,93.28,99.82275,53.06,118.17,0.1,4.2,4.2,1.6,11,1,32,32,611.1,0.06,0.009
